,date,code,open,close,high,low,adjust_open,adjust_close,adjust_high,adjust_low,volume,turnover
0,2016-01-04,000021,12.07,10.85,12.13,10.85,153.04,137.36,153.81,137.36,198712,1.35
1,2016-01-05,000021,9.99,10.17,10.74,9.78,126.3,128.62,135.94,123.6,301458,2.05
2,2016-01-06,000021,10.18,10.4,10.4,10.16,128.75,131.57,131.57,128.49,180933,1.23
3,2016-01-07,000021,10.22,9.37,10.22,9.36,129.26,118.33,129.26,118.21,52086,0.35
4,2016-01-08,000021,9.58,9.46,9.75,8.9,121.03,119.49,123.22,112.29,231467,1.57
5,2016-01-11,000021,9.06,8.52,9.3,8.51,114.35,107.41,117.43,107.28,246953,1.68
6,2016-01-12,000021,8.67,8.65,8.83,8.28,109.34,109.08,111.39,104.33,188008,1.28
7,2016-01-13,000021,8.7,8.34,8.83,8.32,109.72,105.1,111.39,104.84,167432,1.14
8,2016-01-14,000021,8.1,8.68,8.81,8.0,102.01,109.47,111.14,100.73,174317,1.19
9,2016-01-15,000021,8.6,8.39,8.88,8.35,108.44,105.74,112.04,105.23,217328,1.48
10,2016-01-18,000021,8.22,8.66,8.82,8.17,103.55,109.21,111.27,102.91,164181,1.12
11,2016-01-19,000021,8.65,9.15,9.15,8.57,109.08,115.51,115.51,108.05,255169,1.74
12,2016-01-20,000021,9.05,9.0,9.23,8.87,114.22,113.58,116.54,111.91,230568,1.57
13,2016-01-21,000021,8.81,8.5,9.13,8.46,111.14,107.15,115.25,106.64,195727,1.33
14,2016-01-22,000021,8.6,8.86,9.05,8.3,108.44,111.78,114.22,104.58,233643,1.59
15,2016-01-25,000021,8.94,8.89,9.06,8.73,112.81,112.17,114.35,110.11,135230,0.92
16,2016-01-26,000021,8.76,8.0,8.77,8.0,110.49,100.73,110.62,100.73,189131,1.29
17,2016-01-27,000021,8.02,7.98,8.16,7.61,100.98,100.47,102.78,95.71,258047,1.76
18,2016-01-28,000021,7.9,7.58,8.1,7.52,99.44,95.33,102.01,94.56,132647,0.9
19,2016-01-29,000021,7.56,7.94,8.04,7.56,95.07,99.96,101.24,95.07,170713,1.16
20,2016-02-01,000021,7.91,7.95,8.06,7.72,99.57,100.08,101.5,97.13,136910,0.93
21,2016-02-02,000021,7.95,8.2,8.33,7.95,100.08,103.3,104.97,100.08,154011,1.05
22,2016-02-03,000021,8.1,8.1,8.18,7.92,102.01,102.01,103.04,99.7,260066,1.77
23,2016-02-04,000021,8.15,8.39,8.48,8.13,102.65,105.74,106.9,102.4,251180,1.71
24,2016-02-05,000021,8.38,8.14,8.44,8.08,105.61,102.53,106.38,101.75,243822,1.66
25,2016-02-15,000021,7.86,8.01,8.1,7.66,98.93,100.86,102.01,96.36,167095,1.14
26,2016-02-16,000021,8.07,8.57,8.75,8.0,101.63,108.05,110.37,100.73,323407,2.2
27,2016-02-17,000021,8.5,8.87,8.98,8.41,107.15,111.91,113.32,106.0,350443,2.38
28,2016-02-18,000021,8.8,8.95,9.32,8.8,111.01,112.94,117.69,111.01,451091,3.07
29,2016-02-19,000021,8.85,9.3,9.35,8.85,111.65,117.43,118.08,111.65,451959,3.07
30,2016-02-22,000021,9.44,9.31,9.58,9.19,119.23,117.56,121.03,116.02,393125,2.67
31,2016-02-23,000021,9.26,9.12,9.3,8.93,116.92,115.12,117.43,112.68,347680,2.37
32,2016-02-24,000021,9.01,9.36,9.37,8.99,113.71,118.21,118.33,113.45,399406,2.72
33,2016-02-25,000021,9.4,8.42,9.45,8.42,118.72,106.12,119.36,106.12,415091,2.82
34,2016-02-26,000021,8.58,8.46,8.59,8.17,108.18,106.64,108.31,102.91,225837,1.54
35,2016-02-29,000021,8.35,7.8,8.35,7.66,105.23,98.16,105.23,96.36,230305,1.57
36,2016-03-01,000021,7.8,8.04,8.13,7.7,98.16,101.24,102.4,96.87,186441,1.27
37,2016-03-02,000021,8.01,8.6,8.68,7.98,100.86,108.44,109.47,100.47,305349,2.08
38,2016-03-03,000021,8.57,8.6,8.85,8.53,108.05,108.44,111.65,107.54,275890,1.88
39,2016-03-04,000021,8.5,8.3,8.68,8.12,107.15,104.58,109.47,102.27,248411,1.69
40,2016-03-07,000021,8.35,8.96,8.98,8.35,105.23,113.07,113.32,105.23,368258,2.51
41,2016-03-08,000021,8.8,8.82,8.86,8.35,111.01,111.27,111.78,105.23,369173,2.51
42,2016-03-09,000021,8.55,8.47,8.77,8.42,107.8,106.77,110.62,106.12,186039,1.27
43,2016-03-10,000021,8.47,8.2,8.6,8.18,106.77,103.3,108.44,103.04,186860,1.27
44,2016-03-11,000021,8.1,8.12,8.21,7.98,102.01,102.27,103.43,100.47,135058,0.92
45,2016-03-14,000021,8.26,8.44,8.55,8.19,104.07,106.38,107.8,103.17,235465,1.6
46,2016-03-15,000021,8.4,8.27,8.48,8.17,105.87,104.2,106.9,102.91,156570,1.07
47,2016-03-16,000021,8.32,8.16,8.39,8.1,104.84,102.78,105.74,102.01,136848,0.93
48,2016-03-17,000021,8.2,8.44,8.51,8.18,103.3,106.38,107.28,103.04,211108,1.44
49,2016-03-18,000021,8.45,8.75,8.84,8.45,106.51,110.37,111.52,106.51,344342,2.34
50,2016-03-21,000021,8.88,9.02,9.07,8.77,112.04,113.84,114.48,110.62,416661,2.83
51,2016-03-22,000021,8.91,8.95,9.09,8.82,112.42,112.94,114.74,111.27,338418,2.3
52,2016-03-23,000021,8.92,9.1,9.13,8.9,112.55,114.86,115.25,112.29,284884,1.94
53,2016-03-24,000021,8.98,8.76,8.98,8.75,113.32,110.49,113.32,110.37,292849,1.99
54,2016-03-25,000021,8.78,8.95,8.97,8.78,110.75,112.94,113.19,110.75,226489,1.54
55,2016-03-28,000021,8.95,8.95,9.21,8.85,112.94,112.94,116.28,111.65,283642,1.93
56,2016-03-29,000021,8.97,9.1,9.48,8.8,113.19,114.86,119.75,111.01,376295,2.56
57,2016-03-30,000021,9.19,9.37,9.38,9.08,116.02,118.33,118.46,114.61,415601,2.83
58,2016-03-31,000021,9.45,9.23,9.45,9.15,119.36,116.54,119.36,115.51,366971,2.5
59,2016-04-01,000021,9.14,9.05,9.15,8.86,115.38,114.22,115.51,111.78,272225,1.85
60,2016-04-05,000021,9.06,9.28,9.32,8.98,114.35,117.18,117.69,113.32,290775,1.98
61,2016-04-06,000021,9.19,9.41,9.42,9.16,116.02,118.85,118.98,115.64,334912,2.28
62,2016-04-07,000021,9.38,9.06,9.43,9.05,118.46,114.35,119.11,114.22,281542,1.92
63,2016-04-08,000021,8.9,8.9,8.99,8.78,112.29,112.29,113.45,110.75,226985,1.54
64,2016-04-11,000021,8.99,9.06,9.14,8.96,113.45,114.35,115.38,113.07,233011,1.59
65,2016-04-12,000021,9.06,8.99,9.06,8.82,114.35,113.45,114.35,111.27,183330,1.25
66,2016-04-13,000021,9.05,9.12,9.25,9.03,114.22,115.12,116.79,113.96,293116,1.99
67,2016-04-14,000021,9.41,9.36,9.78,9.3,118.85,118.21,123.6,117.43,572301,3.89
68,2016-04-15,000021,9.31,9.45,9.48,9.28,117.56,119.36,119.75,117.18,352402,2.4
69,2016-04-18,000021,9.36,9.23,9.39,9.18,118.21,116.54,118.59,115.89,223391,1.52
70,2016-04-19,000021,9.28,9.31,9.36,9.17,117.18,117.56,118.21,115.76,191164,1.3
71,2016-04-20,000021,9.35,8.81,9.36,8.6,118.08,111.14,118.21,108.44,344927,2.35
72,2016-04-21,000021,8.73,8.67,8.92,8.66,110.11,109.34,112.55,109.21,170367,1.16
73,2016-04-22,000021,8.58,8.76,8.87,8.51,108.18,110.49,111.91,107.28,167197,1.14
74,2016-04-25,000021,8.7,8.64,8.73,8.53,109.72,108.95,110.11,107.54,139732,0.95
75,2016-04-26,000021,8.6,8.8,8.8,8.6,108.44,111.01,111.01,108.44,143290,0.97
76,2016-04-27,000021,8.78,9.0,9.14,8.76,110.75,113.58,115.38,110.49,351229,2.39
77,2016-04-28,000021,8.92,8.9,8.99,8.71,112.55,112.29,113.45,109.85,157070,1.07
78,2016-04-29,000021,8.86,9.02,9.08,8.81,111.78,113.84,114.61,111.14,149128,1.01
79,2016-05-03,000021,9.01,9.25,9.26,8.95,113.71,116.79,116.92,112.94,275121,1.87
80,2016-05-04,000021,9.2,9.24,9.36,9.14,116.15,116.66,118.21,115.38,259186,1.76
81,2016-05-05,000021,9.19,9.2,9.25,9.1,116.02,116.15,116.79,114.86,167935,1.14
82,2016-05-06,000021,9.2,9.24,9.43,8.98,116.15,116.66,119.11,113.32,503423,3.43
83,2016-05-09,000021,9.15,8.97,9.21,8.8,115.51,113.19,116.28,111.01,324365,2.21
84,2016-05-10,000021,8.92,8.76,9.03,8.7,112.55,110.49,113.96,109.72,209010,1.42
85,2016-05-11,000021,8.83,8.51,8.87,8.51,111.39,107.28,111.91,107.28,227877,1.55
86,2016-05-12,000021,8.39,8.36,8.44,8.09,105.74,105.35,106.38,101.88,162816,1.11
87,2016-05-13,000021,8.29,8.37,8.46,8.29,104.45,105.48,106.64,104.45,110855,0.75
88,2016-05-16,000021,8.37,8.44,8.45,8.27,105.48,106.38,106.51,104.2,121882,0.83
89,2016-05-17,000021,8.44,8.41,8.54,8.35,106.38,106.0,107.67,105.23,145706,0.99
90,2016-05-18,000021,8.39,8.07,8.39,7.91,105.74,101.63,105.74,99.57,193234,1.31
91,2016-05-19,000021,8.08,8.12,8.32,8.04,101.75,102.27,104.84,101.24,151555,1.03
92,2016-05-20,000021,8.04,8.21,8.24,7.94,101.24,103.43,103.81,99.96,113628,0.77
93,2016-05-23,000021,8.21,8.27,8.34,8.2,103.43,104.2,105.1,103.3,129072,0.88
94,2016-05-24,000021,8.25,8.12,8.27,8.05,103.94,102.27,104.2,101.37,111980,0.76
95,2016-05-25,000021,8.19,8.13,8.29,8.11,103.17,102.4,104.45,102.14,110912,0.75
96,2016-05-26,000021,8.12,8.19,8.19,7.93,102.27,103.17,103.17,99.83,149946,1.02
97,2016-05-27,000021,8.13,8.28,8.37,8.12,102.4,104.33,105.48,102.27,205077,1.4
98,2016-05-30,000021,8.2,8.14,8.26,8.01,103.3,102.53,104.07,100.86,118596,0.81
99,2016-05-31,000021,8.19,8.57,8.62,8.16,103.17,108.05,108.7,102.78,290043,1.97
100,2016-06-01,000021,8.58,8.63,8.67,8.5,108.18,108.82,109.34,107.15,251233,1.71
101,2016-06-02,000021,8.55,8.98,9.15,8.52,107.8,113.32,115.51,107.41,431920,2.94
102,2016-06-03,000021,8.91,8.88,8.98,8.82,112.42,112.04,113.32,111.27,248494,1.69
103,2016-06-06,000021,8.88,8.89,9.03,8.81,112.04,112.17,113.96,111.14,152627,1.04
104,2016-06-07,000021,8.88,8.8,8.93,8.74,112.04,111.01,112.68,110.24,146461,1.0
105,2016-06-08,000021,8.82,8.82,8.88,8.73,111.27,111.27,112.04,110.11,154563,1.05
106,2016-06-13,000021,8.69,8.26,8.77,8.25,109.59,104.07,110.62,103.94,175447,1.19
107,2016-06-14,000021,8.26,8.25,8.32,8.0,104.07,103.94,104.84,100.73,131495,0.89
108,2016-06-15,000021,8.16,8.65,8.96,8.11,102.78,109.08,113.07,102.14,180898,1.23
109,2016-06-16,000021,8.64,8.58,8.76,8.56,109.59,108.82,111.14,108.57,178601,1.22
110,2016-06-17,000021,8.63,8.74,8.85,8.6,109.47,110.88,112.29,109.08,200104,1.36
111,2016-06-20,000021,8.74,8.88,8.92,8.61,110.88,112.68,113.19,109.21,194389,1.32
112,2016-06-21,000021,8.92,8.96,9.22,8.8,113.19,113.71,117.05,111.65,452893,3.08
113,2016-06-22,000021,8.95,9.25,9.25,8.88,113.58,117.43,117.43,112.68,453803,3.09
114,2016-06-23,000021,9.25,9.36,9.58,9.19,117.43,118.85,121.68,116.66,507462,3.45
115,2016-06-24,000021,9.3,9.14,9.41,8.85,118.08,116.02,119.49,112.29,440079,2.99
116,2016-06-27,000021,9.18,10.05,10.05,9.18,116.54,127.72,127.72,116.54,733616,4.99
117,2016-06-28,000021,10.45,11.06,11.06,10.41,132.86,140.7,140.7,132.34,858371,5.84
118,2016-06-29,000021,12.0,11.09,12.0,10.93,152.78,141.08,152.78,139.03,1343172,9.14
119,2016-06-30,000021,11.07,11.01,11.23,10.83,140.83,140.06,142.88,137.74,687277,4.68
120,2016-07-01,000021,11.0,10.75,11.03,10.68,139.93,136.71,140.31,135.81,604319,4.11
121,2016-07-04,000021,10.75,10.83,10.93,10.65,136.71,137.74,139.03,135.43,404040,2.75
122,2016-07-05,000021,10.8,11.13,11.32,10.71,137.36,141.6,144.04,136.2,698243,4.75
123,2016-07-06,000021,11.0,10.91,11.1,10.76,139.93,138.77,141.21,136.84,418341,2.85
124,2016-07-07,000021,10.91,11.09,11.34,10.68,138.77,141.08,144.3,135.81,552787,3.76
125,2016-07-08,000021,11.02,11.01,11.32,10.98,140.18,140.06,144.04,139.67,478943,3.26
126,2016-07-11,000021,11.09,10.76,11.18,10.75,141.08,136.84,142.24,136.71,418492,2.85
127,2016-07-12,000021,10.6,10.6,10.78,10.26,134.79,134.79,137.1,130.42,409486,2.79
128,2016-07-13,000021,10.68,10.65,10.77,10.48,135.81,135.43,136.97,133.24,269102,1.83
129,2016-07-14,000021,10.6,10.77,10.86,10.48,134.79,136.97,138.13,133.24,322406,2.19
130,2016-07-15,000021,10.75,10.71,10.84,10.61,136.71,136.2,137.87,134.91,198259,1.35
131,2016-07-18,000021,10.66,10.58,10.85,10.52,135.56,134.53,138.0,133.76,260675,1.77
132,2016-07-19,000021,10.57,10.81,10.83,10.51,134.4,137.48,137.74,133.63,257884,1.75
133,2016-07-20,000021,10.84,10.92,11.06,10.76,137.87,138.9,140.7,136.84,341278,2.32
134,2016-07-21,000021,10.92,10.82,10.98,10.72,138.9,137.61,139.67,136.33,226760,1.54
135,2016-07-22,000021,10.85,11.2,11.54,10.8,138.0,142.5,146.87,137.36,657797,4.48
136,2016-07-25,000021,11.24,11.05,11.24,10.91,143.01,140.57,143.01,138.77,328538,2.24
137,2016-07-26,000021,11.04,11.1,11.23,10.86,140.44,141.21,142.88,138.13,288508,1.96
138,2016-07-27,000021,11.3,11.89,12.21,11.3,143.78,151.37,155.48,143.78,1439981,9.8
139,2016-07-28,000021,11.8,11.56,11.8,11.08,150.21,147.12,150.21,140.95,976377,6.64
140,2016-07-29,000021,11.56,11.45,11.78,11.12,147.12,145.71,149.95,141.47,537123,3.65
141,2016-08-01,000021,11.25,10.31,11.36,10.31,143.14,131.06,144.55,131.06,632104,4.3
142,2016-08-02,000021,10.28,10.52,10.62,10.18,130.67,133.76,135.04,129.39,330428,2.25
143,2016-08-03,000021,10.39,10.52,10.76,10.39,132.09,133.76,136.84,132.09,355754,2.42
144,2016-08-04,000021,10.73,10.71,10.86,10.55,136.46,136.2,138.13,134.14,327193,2.23
145,2016-08-05,000021,10.59,10.45,10.66,10.45,134.66,132.86,135.56,132.86,249491,1.7
146,2016-08-08,000021,10.45,10.58,10.59,10.18,132.86,134.53,134.66,129.39,228207,1.55
147,2016-08-09,000021,10.55,10.79,10.8,10.48,134.14,137.23,137.36,133.24,262003,1.78
148,2016-08-10,000021,10.77,10.64,10.8,10.57,136.97,135.3,137.36,134.4,240437,1.64
149,2016-08-11,000021,10.7,10.63,10.78,10.47,136.07,135.17,137.1,133.11,269518,1.83
150,2016-08-12,000021,10.58,10.64,10.67,10.43,134.53,135.3,135.69,132.6,212863,1.45
151,2016-08-15,000021,10.62,11.04,11.18,10.59,135.04,140.44,142.24,134.66,421415,2.87
152,2016-08-16,000021,11.03,11.08,11.2,10.89,140.31,140.95,142.5,138.51,387702,2.64
153,2016-08-17,000021,11.11,11.11,11.59,11.0,141.34,141.34,147.51,139.93,404792,2.75
154,2016-08-18,000021,11.11,11.19,11.36,11.05,141.34,142.37,144.55,140.57,326597,2.22
155,2016-08-19,000021,11.23,11.79,12.22,11.22,142.88,150.08,155.61,142.75,744163,5.06
156,2016-08-22,000021,11.79,11.17,11.79,11.11,150.08,142.11,150.08,141.34,521386,3.55
157,2016-08-23,000021,11.2,11.22,11.47,11.09,142.5,142.75,145.97,141.08,288983,1.97
158,2016-08-24,000021,11.21,11.09,11.28,10.99,142.63,141.08,143.53,139.8,291135,1.98
159,2016-08-25,000021,10.96,10.88,10.97,10.65,139.41,138.38,139.54,135.43,255458,1.74
160,2016-08-26,000021,10.92,10.92,11.15,10.85,138.9,138.9,141.85,138.0,188222,1.28
161,2016-08-29,000021,10.86,10.99,11.08,10.82,138.13,139.8,140.95,137.61,130486,0.89
162,2016-08-30,000021,11.04,11.05,11.11,10.98,140.44,140.57,141.34,139.67,158656,1.08
163,2016-08-31,000021,11.1,10.99,11.1,10.88,141.21,139.8,141.21,138.38,152901,1.04
164,2016-09-01,000021,10.92,10.82,11.05,10.8,138.9,137.61,140.57,137.36,159546,1.09
165,2016-09-02,000021,10.77,10.72,10.86,10.59,136.97,136.33,138.13,134.66,136060,0.93
166,2016-09-05,000021,10.76,10.72,10.8,10.67,136.84,136.33,137.36,135.69,124006,0.84
167,2016-09-06,000021,10.74,11.18,11.24,10.65,136.59,142.24,143.01,135.43,390353,2.66
168,2016-09-07,000021,11.16,11.07,11.22,11.05,141.98,140.83,142.75,140.57,215482,1.47
169,2016-09-08,000021,11.07,11.2,11.24,11.04,140.83,142.5,143.01,140.44,246053,1.67
170,2016-09-09,000021,11.25,11.0,11.25,11.0,143.14,139.93,143.14,139.93,215504,1.47
171,2016-09-12,000021,10.7,10.41,10.73,10.39,136.07,132.34,136.46,132.09,319511,2.17
172,2016-09-13,000021,10.48,10.55,10.59,10.37,133.24,134.14,134.66,131.83,146455,1.0
173,2016-09-14,000021,10.45,10.37,10.48,10.31,132.86,131.83,133.24,131.06,122206,0.83
174,2016-09-19,000021,10.36,10.56,10.6,10.36,131.7,134.27,134.79,131.7,134796,0.92
175,2016-09-20,000021,10.57,10.51,10.59,10.42,134.4,133.63,134.66,132.47,84995,0.58
176,2016-09-21,000021,10.5,10.48,10.56,10.45,133.5,133.24,134.27,132.86,67305,0.46
177,2016-09-22,000021,10.57,10.62,10.65,10.55,134.4,135.04,135.43,134.14,138869,0.94
178,2016-09-23,000021,10.63,10.4,10.65,10.37,135.17,132.22,135.43,131.83,108679,0.74
179,2016-09-26,000021,10.45,10.1,10.48,10.09,132.86,128.36,133.24,128.23,148167,1.01
180,2016-09-27,000021,10.08,10.22,10.23,10.06,128.1,129.9,130.03,127.85,101485,0.69
181,2016-09-28,000021,10.21,10.22,10.29,10.18,129.77,129.9,130.8,129.39,74841,0.51
182,2016-09-29,000021,10.25,10.29,10.32,10.23,130.29,130.8,131.19,130.03,68707,0.47
183,2016-09-30,000021,10.3,10.44,10.52,10.26,130.93,132.73,133.76,130.42,104964,0.71
184,2016-10-10,000021,10.45,10.75,10.83,10.45,132.86,136.71,137.74,132.86,219778,1.5
185,2016-10-11,000021,10.76,11.01,11.15,10.76,136.84,140.06,141.85,136.84,331296,2.25
186,2016-10-12,000021,10.91,10.97,10.99,10.84,138.77,139.54,139.8,137.87,173351,1.18
187,2016-10-13,000021,10.96,10.86,10.96,10.81,139.41,138.13,139.41,137.48,133284,0.91
188,2016-10-14,000021,10.9,10.79,10.9,10.65,138.64,137.23,138.64,135.43,115190,0.78
189,2016-10-17,000021,10.86,10.75,10.96,10.7,138.13,136.71,139.41,136.07,149285,1.02
190,2016-10-18,000021,10.72,10.91,10.93,10.68,136.33,138.77,139.03,135.81,153016,1.04
191,2016-10-19,000021,10.91,10.81,10.97,10.77,138.77,137.48,139.54,136.97,132509,0.9
192,2016-10-20,000021,10.77,10.86,10.86,10.68,136.97,138.13,138.13,135.81,123795,0.84
193,2016-10-21,000021,10.95,10.82,10.98,10.7,139.28,137.61,139.67,136.07,135538,0.92
194,2016-10-24,000021,10.82,10.9,11.04,10.82,137.61,138.64,140.44,137.61,196241,1.34
195,2016-10-25,000021,10.9,10.93,11.0,10.85,138.64,139.03,139.93,138.0,144103,0.98
196,2016-10-26,000021,10.93,10.81,10.93,10.75,139.03,137.48,139.03,136.71,134263,0.91
197,2016-10-27,000021,10.74,10.76,10.85,10.7,136.59,136.84,138.0,136.07,99999,0.68
198,2016-10-28,000021,10.73,10.66,10.83,10.66,136.46,135.56,137.74,135.56,92621,0.63
199,2016-10-31,000021,10.64,10.51,10.64,10.41,135.3,133.63,135.3,132.34,130826,0.89
200,2016-11-01,000021,10.51,10.69,10.73,10.51,133.63,135.94,136.46,133.63,99905,0.68
201,2016-11-02,000021,10.64,10.43,10.66,10.37,135.3,132.6,135.56,131.83,157566,1.07
202,2016-11-03,000021,10.39,10.47,10.55,10.36,132.09,133.11,134.14,131.7,106604,0.73
203,2016-11-04,000021,10.45,10.58,10.73,10.44,132.86,134.53,136.46,132.73,146356,1.0
204,2016-11-07,000021,10.55,10.47,10.59,10.38,134.14,133.11,134.66,131.96,103299,0.7
205,2016-11-08,000021,10.52,10.59,10.65,10.52,133.76,134.66,135.43,133.76,139627,0.95
206,2016-11-09,000021,10.56,10.41,10.6,10.26,134.27,132.34,134.79,130.42,158259,1.08
207,2016-11-10,000021,10.48,10.66,10.68,10.47,133.24,135.56,135.81,133.11,185202,1.26
208,2016-11-11,000021,10.66,10.66,10.68,10.56,135.56,135.56,135.81,134.27,120708,0.82
209,2016-11-14,000021,10.66,10.74,10.85,10.66,135.56,136.59,138.0,135.56,199658,1.36
210,2016-11-15,000021,10.79,10.83,10.92,10.7,137.23,137.74,138.9,136.07,144337,0.98
211,2016-11-16,000021,10.8,10.78,10.88,10.74,137.36,137.1,138.38,136.59,127298,0.87
212,2016-11-17,000021,10.78,10.71,10.78,10.64,137.1,136.2,137.1,135.3,99830,0.68
213,2016-11-18,000021,10.71,10.61,10.77,10.6,136.2,134.91,136.97,134.79,89800,0.61
214,2016-11-21,000021,10.6,10.64,10.69,10.52,134.79,135.3,135.94,133.76,83648,0.57
215,2016-11-22,000021,10.63,10.64,10.68,10.59,135.17,135.3,135.81,134.66,119295,0.81
216,2016-11-23,000021,10.65,10.78,10.97,10.65,135.43,137.1,139.54,135.43,316484,2.15
217,2016-11-24,000021,10.73,10.63,10.76,10.6,136.46,135.17,136.84,134.79,152759,1.04
218,2016-11-25,000021,10.64,10.66,10.69,10.2,135.3,135.56,135.94,129.64,178294,1.21
219,2016-11-28,000021,10.7,10.81,10.9,10.69,136.07,137.48,138.64,135.94,187660,1.28
220,2016-11-29,000021,10.81,10.61,10.81,10.58,137.48,134.91,137.48,134.53,139270,0.95
221,2016-11-30,000021,10.56,10.89,10.9,10.56,134.27,138.51,138.64,134.27,287540,1.96
222,2016-12-01,000021,10.87,10.94,11.08,10.81,138.26,139.16,140.95,137.48,300075,2.04
223,2016-12-02,000021,10.96,10.88,11.18,10.77,139.41,138.38,142.24,136.97,275186,1.87
224,2016-12-05,000021,10.7,10.54,10.99,10.46,136.07,134.01,139.8,132.99,219557,1.49
225,2016-12-06,000021,10.53,10.38,10.66,10.31,133.89,131.96,135.56,131.06,164785,1.12
226,2016-12-07,000021,10.37,10.52,10.53,10.29,131.83,133.76,133.89,130.8,105273,0.72
227,2016-12-08,000021,10.51,10.35,10.52,10.34,133.63,131.57,133.76,131.44,119031,0.81
228,2016-12-09,000021,10.36,10.29,10.41,10.27,131.7,130.8,132.34,130.54,129837,0.88
229,2016-12-12,000021,10.29,9.63,10.34,9.59,130.8,122.32,131.44,121.8,218027,1.48
230,2016-12-13,000021,9.6,9.61,9.71,9.43,121.93,122.06,123.35,119.75,121750,0.83
231,2016-12-14,000021,9.58,9.42,9.67,9.33,121.68,119.62,122.83,118.46,122767,0.84
232,2016-12-15,000021,9.41,9.48,9.57,9.39,119.49,120.39,121.55,119.23,89204,0.61
233,2016-12-16,000021,9.46,9.58,9.65,9.45,120.13,121.68,122.58,120.01,83184,0.57
234,2016-12-19,000021,9.54,9.66,9.67,9.53,121.16,122.7,122.83,121.03,93174,0.63
235,2016-12-20,000021,9.65,9.52,9.65,9.46,122.58,120.91,122.58,120.13,72405,0.49
236,2016-12-21,000021,9.52,9.61,9.63,9.51,120.91,122.06,122.32,120.78,68530,0.47
237,2016-12-22,000021,9.61,9.59,9.62,9.52,122.06,121.8,122.19,120.91,74722,0.51
238,2016-12-23,000021,9.55,9.44,9.59,9.43,121.29,119.88,121.8,119.75,67188,0.46
239,2016-12-26,000021,9.43,9.53,9.54,9.16,119.75,121.03,121.16,116.28,97712,0.66
240,2016-12-27,000021,9.5,9.47,9.55,9.44,120.65,120.26,121.29,119.88,65856,0.45
241,2016-12-28,000021,9.49,9.61,9.79,9.43,120.52,122.06,124.38,119.75,121750,0.83
242,2016-12-29,000021,9.55,9.51,9.62,9.5,121.29,120.78,122.19,120.65,82374,0.56
243,2016-12-30,000021,9.5,9.43,9.54,9.4,120.65,119.75,121.16,119.36,65608,0.45
244,2017-01-03,000021,9.45,9.58,9.61,9.45,120.01,121.68,122.06,120.01,80227,0.55
245,2017-01-04,000021,9.54,9.69,9.7,9.54,121.16,123.09,123.22,121.16,103331,0.7
246,2017-01-05,000021,9.68,9.8,9.9,9.64,122.96,124.5,125.79,122.45,175954,1.2
247,2017-01-06,000021,9.83,9.82,9.96,9.73,124.89,124.76,126.56,123.6,156665,1.07
248,2017-01-09,000021,9.8,9.92,9.95,9.76,124.5,126.05,126.43,123.99,134661,0.92
249,2017-01-10,000021,9.97,9.78,9.97,9.75,126.69,124.25,126.69,123.86,106726,0.73
250,2017-01-11,000021,9.71,9.99,10.23,9.71,123.35,126.95,130.03,123.35,243256,1.66
251,2017-01-12,000021,9.9,9.74,9.96,9.74,125.79,123.73,126.56,123.73,131222,0.89
252,2017-01-13,000021,9.71,9.55,9.83,9.5,123.35,121.29,124.89,120.65,75780,0.52
253,2017-01-16,000021,9.49,9.2,9.53,8.88,120.52,116.79,121.03,112.68,128675,0.88
254,2017-01-17,000021,9.2,9.38,9.5,9.14,116.79,119.11,120.65,116.02,100387,0.68
255,2017-01-18,000021,9.3,9.34,9.46,9.25,118.08,118.59,120.13,117.43,67473,0.46
256,2017-01-19,000021,9.34,9.38,9.38,9.21,118.59,119.11,119.11,116.92,66332,0.45
257,2017-01-20,000021,9.32,9.43,9.5,9.3,118.33,119.75,120.65,118.08,76450,0.52
258,2017-01-23,000021,9.43,9.47,9.55,9.42,119.75,120.26,121.29,119.62,53671,0.37
259,2017-01-24,000021,9.54,9.46,9.58,9.44,121.16,120.13,121.68,119.88,60602,0.41
260,2017-01-25,000021,9.45,9.48,9.51,9.42,120.01,120.39,120.78,119.62,42764,0.29
261,2017-01-26,000021,9.48,9.48,9.52,9.41,120.39,120.39,120.91,119.49,56777,0.39
262,2017-02-03,000021,9.49,9.41,9.5,9.37,120.52,119.49,120.65,118.98,44861,0.31
263,2017-02-06,000021,9.4,9.51,9.53,9.38,119.36,120.78,121.03,119.11,57308,0.39
264,2017-02-07,000021,9.49,9.51,9.59,9.46,120.52,120.78,121.8,120.13,65457,0.45
265,2017-02-08,000021,9.51,9.57,9.59,9.41,120.78,121.55,121.8,119.49,67313,0.46
266,2017-02-09,000021,9.55,9.64,9.68,9.52,121.29,122.45,122.96,120.91,95116,0.65
267,2017-02-10,000021,9.63,9.65,9.71,9.6,122.32,122.58,123.35,121.93,90639,0.62
268,2017-02-13,000021,9.66,9.69,9.71,9.61,122.7,123.09,123.35,122.06,77384,0.53
269,2017-02-14,000021,9.71,9.64,9.72,9.58,123.35,122.45,123.48,121.68,74969,0.51
270,2017-02-15,000021,9.64,9.64,9.79,9.57,122.45,122.45,124.38,121.55,113521,0.77
271,2017-02-16,000021,9.6,9.71,9.73,9.58,121.93,123.35,123.6,121.68,101337,0.69
272,2017-02-17,000021,9.69,9.66,9.72,9.6,123.09,122.7,123.48,121.93,81540,0.55
273,2017-02-20,000021,9.62,9.75,9.75,9.62,122.19,123.86,123.86,122.19,89638,0.61
274,2017-02-21,000021,9.76,9.89,9.91,9.74,123.99,125.66,125.92,123.73,148943,1.01
275,2017-02-22,000021,9.89,9.9,9.98,9.83,125.66,125.79,126.82,124.89,120227,0.82
276,2017-02-23,000021,9.86,9.84,9.94,9.77,125.27,125.02,126.3,124.12,81526,0.55
277,2017-02-24,000021,9.8,9.84,9.89,9.76,124.5,125.02,125.66,123.99,63772,0.43
278,2017-02-27,000021,9.91,9.8,9.97,9.8,125.92,124.5,126.69,124.5,91666,0.62
279,2017-02-28,000021,9.8,9.78,9.85,9.71,124.5,124.25,125.15,123.35,59189,0.4
280,2017-03-01,000021,9.75,9.8,9.85,9.74,123.86,124.5,125.15,123.73,69551,0.47
281,2017-03-02,000021,9.8,9.74,9.87,9.71,124.5,123.73,125.4,123.35,65285,0.44
282,2017-03-03,000021,9.67,9.85,9.86,9.62,122.83,125.15,125.27,122.19,92687,0.63
283,2017-03-06,000021,9.83,9.94,9.99,9.83,124.89,126.3,126.95,124.89,107152,0.73
284,2017-03-07,000021,10.0,9.95,10.04,9.85,127.07,126.43,127.59,125.15,85741,0.58
285,2017-03-08,000021,9.93,10.0,10.16,9.85,126.17,127.07,129.13,125.15,161987,1.1
286,2017-03-09,000021,9.9,9.81,9.97,9.77,125.79,124.63,126.69,124.12,102667,0.7
287,2017-03-10,000021,9.79,9.75,9.86,9.73,124.38,123.86,125.27,123.6,62220,0.42
288,2017-03-13,000021,9.79,9.89,9.91,9.67,124.38,125.66,125.92,122.83,94782,0.64
289,2017-03-14,000021,9.87,9.8,9.94,9.78,125.4,124.5,126.3,124.25,60608,0.41
290,2017-03-15,000021,9.8,9.81,9.88,9.76,124.5,124.63,125.53,123.99,53949,0.37
291,2017-03-16,000021,9.81,9.95,9.96,9.81,124.63,126.43,126.56,124.63,105694,0.72
292,2017-03-17,000021,9.95,9.8,9.95,9.8,126.43,124.5,126.43,124.5,91761,0.62
293,2017-03-20,000021,9.79,9.88,9.89,9.75,124.38,125.53,125.66,123.86,61024,0.42
294,2017-03-21,000021,9.88,9.9,9.94,9.85,125.53,125.79,126.3,125.15,72479,0.49
295,2017-03-22,000021,9.85,9.73,9.86,9.71,125.15,123.6,125.27,123.35,79700,0.54
296,2017-03-23,000021,9.73,9.73,9.83,9.63,123.6,123.6,124.89,122.32,67059,0.46
297,2017-03-24,000021,9.72,9.8,9.8,9.7,123.48,124.5,124.5,123.22,58421,0.4
298,2017-03-27,000021,9.81,9.77,9.83,9.72,124.63,124.12,124.89,123.48,69602,0.47
299,2017-03-28,000021,9.77,9.63,9.77,9.61,124.12,122.32,124.12,122.06,96180,0.65
300,2017-03-29,000021,9.65,9.59,9.67,9.54,122.58,121.8,122.83,121.16,120818,0.82
301,2017-03-30,000021,9.55,9.36,9.6,9.34,121.29,118.85,121.93,118.59,110814,0.75
302,2017-03-31,000021,9.28,9.26,9.36,9.2,117.82,117.56,118.85,116.79,96788,0.66
303,2017-04-05,000021,9.28,9.39,9.41,9.24,117.82,119.23,119.49,117.31,91945,0.63
304,2017-04-06,000021,9.39,9.37,9.42,9.31,119.23,118.98,119.62,118.21,87524,0.6
305,2017-04-07,000021,9.38,9.42,9.48,9.34,119.11,119.62,120.39,118.59,83502,0.57
306,2017-04-10,000021,9.4,9.3,9.41,9.27,119.36,118.08,119.49,117.69,78177,0.53
307,2017-04-11,000021,9.33,9.38,9.38,9.15,118.46,119.11,119.11,116.15,108003,0.73
308,2017-04-12,000021,9.44,9.53,9.79,9.4,119.88,121.03,124.38,119.36,234685,1.6
309,2017-04-13,000021,9.53,9.47,9.55,9.38,121.03,120.26,121.29,119.11,93585,0.64
310,2017-04-14,000021,9.46,9.29,9.46,9.21,120.13,117.95,120.13,116.92,102688,0.7
311,2017-04-17,000021,9.25,9.12,9.28,9.04,117.43,115.76,117.82,114.74,75094,0.51
312,2017-04-18,000021,9.11,9.05,9.2,9.0,115.64,114.86,116.79,114.22,79455,0.54
313,2017-04-19,000021,8.99,8.76,8.99,8.7,114.09,111.14,114.09,110.37,111767,0.76
314,2017-04-20,000021,8.76,8.12,8.76,7.88,111.14,102.91,111.14,99.83,451833,3.07
315,2017-04-24,000021,8.09,7.84,8.09,7.8,102.53,99.31,102.53,98.8,96807,0.66
316,2017-04-25,000021,7.86,7.91,8.04,7.86,99.57,100.21,101.88,99.57,66031,0.45
317,2017-04-26,000021,7.93,7.94,8.03,7.9,100.47,100.6,101.75,100.08,58979,0.4
318,2017-04-27,000021,7.94,7.91,7.95,7.66,100.6,100.21,100.73,97.0,86501,0.59
319,2017-04-28,000021,7.89,7.97,8.01,7.84,99.96,100.98,101.5,99.31,51325,0.35
320,2017-05-02,000021,7.99,8.07,8.12,7.98,101.24,102.27,102.91,101.11,80786,0.55
321,2017-05-03,000021,8.06,8.19,8.28,8.0,102.14,103.81,104.97,101.37,116830,0.79
322,2017-05-04,000021,8.35,8.36,8.43,8.22,105.87,106.0,106.9,104.2,141149,0.96
323,2017-05-05,000021,8.36,8.2,8.41,8.2,106.0,103.94,106.64,103.94,83476,0.57
324,2017-05-08,000021,8.2,8.26,8.46,8.16,103.94,104.71,107.28,103.43,91731,0.62
325,2017-05-09,000021,8.2,8.13,8.3,7.98,103.94,103.04,105.23,101.11,85071,0.58
326,2017-05-10,000021,8.22,8.06,8.29,8.05,104.2,102.14,105.1,102.01,59412,0.4
327,2017-05-11,000021,8.06,8.01,8.06,7.69,102.14,101.5,102.14,97.39,113125,0.77
328,2017-05-12,000021,8.01,8.04,8.08,7.94,101.5,101.88,102.4,100.6,54294,0.37
329,2017-05-15,000021,8.16,8.04,8.18,8.0,103.43,101.88,103.68,101.37,46066,0.31
330,2017-05-16,000021,8.03,8.19,8.24,7.93,101.75,103.81,104.45,100.47,86668,0.59
331,2017-05-17,000021,8.21,8.24,8.31,8.17,104.07,104.45,105.35,103.55,83552,0.57
332,2017-05-18,000021,8.18,8.15,8.23,8.11,103.68,103.3,104.33,102.78,57705,0.39
333,2017-05-19,000021,8.12,8.14,8.18,8.06,102.91,103.17,103.68,102.14,60229,0.41
334,2017-05-22,000021,8.13,8.0,8.14,7.99,103.04,101.37,103.17,101.24,51131,0.35
335,2017-05-23,000021,7.99,7.85,8.02,7.83,101.24,99.44,101.63,99.18,57838,0.39
336,2017-05-24,000021,7.81,7.96,7.99,7.78,98.93,100.86,101.24,98.54,49783,0.34
337,2017-05-25,000021,8.08,8.3,8.44,8.07,102.4,105.23,107.02,102.27,173160,1.18
338,2017-05-26,000021,8.21,8.24,8.32,8.21,104.07,104.45,105.48,104.07,81405,0.55
339,2017-05-31,000021,8.33,8.45,8.58,8.28,105.61,107.15,108.82,104.97,152125,1.03
340,2017-06-01,000021,8.4,8.2,8.49,8.19,106.51,103.94,107.67,103.81,89181,0.61
341,2017-06-02,000021,8.2,8.4,8.43,8.13,103.94,106.51,106.9,103.04,99662,0.68
342,2017-06-05,000021,8.39,8.4,8.49,8.36,106.38,106.51,107.67,106.0,74007,0.5
343,2017-06-06,000021,8.41,8.39,8.42,8.32,106.64,106.38,106.77,105.48,45764,0.31
344,2017-06-07,000021,8.39,8.58,8.59,8.36,106.38,108.82,108.95,106.0,129165,0.88
345,2017-06-08,000021,8.57,8.55,8.66,8.53,108.7,108.44,109.85,108.18,110236,0.75
346,2017-06-09,000021,8.54,8.53,8.57,8.43,108.31,108.18,108.7,106.9,66676,0.45
347,2017-06-12,000021,8.48,8.39,8.48,8.36,107.54,106.38,107.54,106.0,57989,0.39
348,2017-06-13,000021,8.38,8.46,8.5,8.35,106.25,107.28,107.8,105.87,55595,0.38
349,2017-06-14,000021,8.4,8.36,8.48,8.32,106.51,106.0,107.54,105.48,57417,0.39
350,2017-06-15,000021,8.36,8.45,8.47,8.35,106.0,107.15,107.41,105.87,57927,0.39
351,2017-06-16,000021,8.44,8.45,8.47,8.38,107.02,107.15,107.41,106.25,47477,0.32
352,2017-06-19,000021,8.52,8.73,8.88,8.5,108.05,110.75,112.68,107.8,211051,1.44
353,2017-06-20,000021,8.71,8.75,8.85,8.64,110.49,111.01,112.29,109.59,117756,0.8
354,2017-06-21,000021,8.8,8.74,8.8,8.65,111.65,110.88,111.65,109.72,74921,0.51
355,2017-06-22,000021,8.71,8.52,8.74,8.51,111.14,108.7,111.52,108.57,87302,0.59
356,2017-06-23,000021,8.54,8.57,8.57,8.4,108.95,109.34,109.34,107.15,83878,0.57
357,2017-06-26,000021,8.6,8.69,8.71,8.55,109.72,110.88,111.14,109.08,91695,0.62
358,2017-06-27,000021,8.71,8.64,8.73,8.58,111.14,110.24,111.39,109.47,68285,0.46
359,2017-06-28,000021,8.6,8.56,8.62,8.54,109.72,109.21,109.98,108.95,43140,0.29
360,2017-06-29,000021,8.56,8.62,8.66,8.54,109.21,109.98,110.49,108.95,54072,0.37
361,2017-06-30,000021,8.6,8.58,8.6,8.51,109.72,109.47,109.72,108.57,47727,0.32
362,2017-07-03,000021,8.7,8.74,8.78,8.65,111.01,111.52,112.04,110.37,100639,0.68
363,2017-07-04,000021,8.75,8.67,8.76,8.62,111.65,110.62,111.78,109.98,76177,0.52
364,2017-07-05,000021,8.66,8.82,8.84,8.66,110.49,112.55,112.81,110.49,130007,0.88
365,2017-07-06,000021,8.83,8.76,8.84,8.68,112.68,111.78,112.81,110.75,76822,0.52
366,2017-07-07,000021,8.74,8.76,8.76,8.69,111.52,111.78,111.78,110.88,54600,0.37
367,2017-07-10,000021,8.74,8.76,8.81,8.69,111.52,111.78,112.42,110.88,72109,0.49
368,2017-07-11,000021,8.7,8.58,8.76,8.58,111.01,109.47,111.78,109.47,84225,0.57
369,2017-07-12,000021,8.58,8.5,8.63,8.44,109.47,108.44,110.11,107.67,75676,0.52
370,2017-07-13,000021,8.51,8.52,8.58,8.49,108.57,108.7,109.47,108.31,54104,0.37
371,2017-07-14,000021,8.52,8.48,8.52,8.43,108.7,108.18,108.7,107.54,51789,0.35
372,2017-07-17,000021,8.46,8.0,8.46,7.98,107.92,102.01,107.92,101.75,118810,0.81
373,2017-07-18,000021,8.01,8.1,8.11,7.94,102.14,103.3,103.43,101.24,60058,0.41
374,2017-07-19,000021,8.07,8.2,8.22,8.01,102.91,104.58,104.84,102.14,72056,0.49
375,2017-07-20,000021,8.2,8.32,8.35,8.16,104.58,106.12,106.51,104.07,79262,0.54
376,2017-07-21,000021,8.31,8.32,8.43,8.28,106.0,106.12,107.54,105.61,50138,0.34
377,2017-07-24,000021,8.32,8.38,8.39,8.28,106.12,106.9,107.02,105.61,57287,0.39
378,2017-07-25,000021,8.38,8.32,8.44,8.27,106.9,106.12,107.67,105.48,61606,0.42
379,2017-07-26,000021,8.29,8.31,8.36,8.24,105.74,106.0,106.64,105.1,54109,0.37
380,2017-07-27,000021,8.29,8.44,8.48,8.27,105.74,107.67,108.18,105.48,76509,0.52
381,2017-07-28,000021,8.41,8.38,8.48,8.37,107.28,106.9,108.18,106.77,64403,0.44
382,2017-07-31,000021,8.36,8.42,8.5,8.35,106.64,107.41,108.44,106.51,76878,0.52
383,2017-08-01,000021,8.42,8.5,8.55,8.39,107.41,108.44,109.08,107.02,79557,0.54
384,2017-08-02,000021,8.49,8.38,8.53,8.36,108.31,106.9,108.82,106.64,61455,0.42
385,2017-08-03,000021,8.36,8.36,8.44,8.31,106.64,106.64,107.67,106.0,51916,0.35
386,2017-08-04,000021,8.38,8.42,8.55,8.34,106.9,107.41,109.08,106.38,114712,0.78
387,2017-08-07,000021,8.38,8.42,8.44,8.36,106.9,107.41,107.67,106.64,61728,0.42
388,2017-08-08,000021,8.41,8.4,8.46,8.36,107.28,107.15,107.92,106.64,56074,0.38
389,2017-08-09,000021,8.39,8.33,8.42,8.33,107.02,106.25,107.41,106.25,53792,0.37
390,2017-08-10,000021,8.34,8.25,8.36,8.15,106.38,105.23,106.64,103.94,91473,0.62
391,2017-08-11,000021,8.19,8.05,8.2,8.04,104.45,102.65,104.58,102.53,83668,0.57
392,2017-08-14,000021,8.05,8.29,8.31,8.05,102.65,105.74,106.0,102.65,84859,0.58
393,2017-08-15,000021,8.31,8.41,8.43,8.31,106.0,107.28,107.54,106.0,84811,0.58
394,2017-08-16,000021,8.41,8.54,8.61,8.38,107.28,108.95,109.85,106.9,169006,1.15
395,2017-08-17,000021,8.55,8.56,8.62,8.47,109.08,109.21,109.98,108.05,125717,0.86
396,2017-08-18,000021,8.48,8.75,8.88,8.46,108.18,111.65,113.32,107.92,234294,1.59
397,2017-08-21,000021,8.72,8.77,8.86,8.65,111.27,111.91,113.07,110.37,146709,1.0
398,2017-08-22,000021,8.76,8.67,8.84,8.66,111.78,110.62,112.81,110.49,84570,0.58
399,2017-08-23,000021,8.7,8.92,9.02,8.66,111.01,113.84,115.12,110.49,219330,1.49
400,2017-08-24,000021,8.8,8.58,8.82,8.55,112.29,109.47,112.55,109.08,195368,1.33
401,2017-08-25,000021,8.66,8.69,8.86,8.65,110.49,110.88,113.07,110.37,184449,1.26
402,2017-08-28,000021,8.73,8.83,8.87,8.72,111.39,112.68,113.19,111.27,149913,1.02
403,2017-08-29,000021,8.83,9.09,9.24,8.67,112.68,116.02,117.95,110.62,362721,2.47
404,2017-08-30,000021,9.09,9.2,9.39,8.95,116.02,117.43,119.88,114.22,424696,2.89
405,2017-08-31,000021,9.1,9.2,9.23,9.08,116.15,117.43,117.82,115.89,213162,1.45
406,2017-09-01,000021,9.18,9.21,9.28,9.05,117.18,117.56,118.46,115.51,190051,1.29
407,2017-09-04,000021,9.21,9.35,9.5,9.21,117.56,119.36,121.29,117.56,248667,1.69
408,2017-09-05,000021,9.35,9.23,9.35,9.2,119.36,117.82,119.36,117.43,144515,0.98
409,2017-09-06,000021,9.24,9.39,9.42,9.18,117.95,119.88,120.26,117.18,191745,1.31
410,2017-09-07,000021,9.41,9.17,9.46,9.16,120.13,117.05,120.78,116.92,137637,0.94
411,2017-09-08,000021,9.13,9.3,9.39,9.12,116.54,118.72,119.88,116.41,155209,1.06
412,2017-09-11,000021,9.3,9.27,9.35,9.2,118.72,118.33,119.36,117.43,112698,0.77
413,2017-09-12,000021,9.27,9.1,9.27,9.08,118.33,116.15,118.33,115.89,158556,1.08
414,2017-09-13,000021,9.1,9.14,9.2,9.1,116.15,116.66,117.43,116.15,80172,0.55
415,2017-09-14,000021,9.1,9.1,9.16,9.06,116.15,116.15,116.92,115.64,83933,0.57
416,2017-09-15,000021,9.1,9.03,9.14,9.01,116.15,115.25,116.66,114.99,91925,0.63
417,2017-09-18,000021,9.02,9.11,9.21,9.02,115.12,116.28,117.56,115.12,119159,0.81
418,2017-09-19,000021,9.11,9.04,9.17,9.0,116.28,115.38,117.05,114.86,95234,0.65
419,2017-09-20,000021,9.01,9.54,9.7,8.94,114.99,121.8,123.86,114.09,430902,2.93
420,2017-09-21,000021,9.4,9.5,9.75,9.36,120.01,121.29,124.5,119.49,401861,2.74
421,2017-09-22,000021,9.4,9.36,9.47,9.27,120.01,119.49,120.91,118.33,154271,1.05
422,2017-09-25,000021,9.36,9.25,9.64,9.22,119.49,118.08,123.09,117.69,182749,1.24
423,2017-09-26,000021,9.3,9.2,9.35,9.07,118.72,117.43,119.36,115.76,128435,0.87
424,2017-09-27,000021,9.16,9.3,9.33,9.12,116.92,118.72,119.11,116.41,84768,0.58
425,2017-09-28,000021,9.29,9.4,9.56,9.25,118.59,120.01,122.06,118.08,160828,1.09
426,2017-09-29,000021,9.4,9.44,9.55,9.35,120.01,120.52,121.93,119.36,126220,0.86
427,2017-10-09,000021,9.55,9.7,9.83,9.46,121.93,123.86,125.53,120.78,278104,1.89
428,2017-10-10,000021,9.68,9.69,9.77,9.55,123.6,123.73,124.76,121.93,149536,1.02
429,2017-10-11,000021,9.68,9.46,9.69,9.45,123.6,120.78,123.73,120.65,129717,0.88
430,2017-10-12,000021,9.46,9.46,9.53,9.38,120.78,120.78,121.68,119.75,98197,0.67
431,2017-10-13,000021,9.46,9.55,9.57,9.46,120.78,121.93,122.19,120.78,93553,0.64
432,2017-10-16,000021,9.58,9.31,9.62,9.27,122.32,118.85,122.83,118.33,119782,0.82
433,2017-10-17,000021,9.26,9.38,9.44,9.26,118.21,119.75,120.52,118.21,66518,0.45
434,2017-10-18,000021,9.4,9.32,9.52,9.27,120.01,118.98,121.55,118.33,86389,0.59
435,2017-10-19,000021,9.32,9.04,9.37,9.0,118.98,115.38,119.62,114.86,122514,0.83
436,2017-10-20,000021,9.04,9.12,9.16,9.03,115.38,116.41,116.92,115.25,65913,0.45
437,2017-10-23,000021,9.12,9.23,9.25,9.08,116.41,117.82,118.08,115.89,69798,0.48
438,2017-10-24,000021,9.25,9.14,9.26,9.05,118.08,116.66,118.21,115.51,80165,0.55
439,2017-10-25,000021,9.14,9.2,9.26,9.08,116.66,117.43,118.21,115.89,69576,0.47
440,2017-10-26,000021,9.21,9.32,9.34,9.15,117.56,118.98,119.23,116.79,90104,0.61
441,2017-10-27,000021,9.34,9.2,9.34,9.18,119.23,117.43,119.23,117.18,67104,0.46
442,2017-10-30,000021,9.18,8.91,9.26,8.89,117.18,113.71,118.21,113.45,118630,0.81
443,2017-10-31,000021,8.89,9.26,9.26,8.88,113.45,118.21,118.21,113.32,127684,0.87
444,2017-11-01,000021,9.27,9.29,9.49,9.22,118.33,118.59,121.16,117.69,143139,0.97
445,2017-11-02,000021,9.21,9.17,9.32,9.12,117.56,117.05,118.98,116.41,100929,0.69
446,2017-11-03,000021,9.11,9.16,9.35,9.1,116.28,116.92,119.36,116.15,108811,0.74
447,2017-11-06,000021,9.18,9.55,9.55,9.13,117.18,121.93,121.93,116.54,293337,2.0
448,2017-11-07,000021,9.5,9.56,9.59,9.39,121.29,122.06,122.45,119.88,243753,1.66
449,2017-11-08,000021,9.5,9.62,9.83,9.48,121.29,122.83,125.53,121.03,307007,2.09
450,2017-11-09,000021,9.6,10.05,10.12,9.54,122.58,128.36,129.26,121.8,595686,4.05
451,2017-11-10,000021,10.0,10.09,10.25,9.9,127.72,128.87,130.93,126.43,425171,2.89
452,2017-11-13,000021,10.11,10.51,10.69,10.07,129.13,134.27,136.59,128.62,635736,4.33
453,2017-11-14,000021,10.48,10.3,10.48,10.15,133.89,131.57,133.89,129.64,379238,2.58
454,2017-11-15,000021,10.19,10.08,10.31,9.97,130.16,128.75,131.7,127.33,311992,2.12
455,2017-11-16,000021,10.09,10.09,10.18,9.88,128.87,128.87,130.03,126.17,280992,1.91
456,2017-11-17,000021,10.08,9.59,10.13,9.57,128.75,122.45,129.39,122.19,358321,2.44
457,2017-11-20,000021,9.52,9.87,9.95,9.36,121.55,126.05,127.07,119.49,272275,1.85
458,2017-11-21,000021,9.81,9.87,9.96,9.59,125.27,126.05,127.2,122.45,306221,2.08
459,2017-11-22,000021,9.85,10.05,10.17,9.76,125.79,128.36,129.9,124.63,356934,2.43
460,2017-11-23,000021,9.94,9.5,9.94,9.47,126.95,121.29,126.95,120.91,279887,1.9
461,2017-11-24,000021,9.45,9.47,9.63,9.37,120.65,120.91,122.96,119.62,156439,1.06
462,2017-11-27,000021,9.37,9.04,9.38,8.98,119.62,115.38,119.75,114.61,223797,1.52
463,2017-11-28,000021,9.1,9.24,9.26,9.03,116.15,117.95,118.21,115.25,152967,1.04
464,2017-11-29,000021,9.24,9.1,9.24,8.91,117.95,116.15,117.95,113.71,178308,1.21
465,2017-11-30,000021,9.06,9.08,9.23,9.02,115.64,115.89,117.82,115.12,127797,0.87
466,2017-12-01,000021,9.07,9.34,9.41,9.05,115.76,119.23,120.13,115.51,198772,1.35
467,2017-12-04,000021,9.24,9.18,9.36,9.16,117.95,117.18,119.49,116.92,137359,0.93
468,2017-12-05,000021,9.13,8.83,9.22,8.71,116.54,112.68,117.69,111.14,181265,1.23
469,2017-12-06,000021,8.82,9.13,9.16,8.75,112.55,116.54,116.92,111.65,148565,1.01
470,2017-12-07,000021,9.1,9.03,9.19,9.02,116.15,115.25,117.31,115.12,103806,0.71
471,2017-12-08,000021,9.04,9.2,9.3,9.0,115.38,117.43,118.72,114.86,140978,0.96
472,2017-12-11,000021,9.18,9.29,9.31,9.16,117.18,118.59,118.85,116.92,131429,0.89
473,2017-12-12,000021,9.27,9.02,9.27,9.01,118.33,115.12,118.33,114.99,126869,0.86
474,2017-12-13,000021,9.02,9.33,9.37,9.01,115.12,119.11,119.62,114.99,194317,1.32
475,2017-12-14,000021,9.33,9.63,9.79,9.29,119.11,122.96,125.02,118.59,400416,2.73
476,2017-12-15,000021,9.53,9.7,9.74,9.44,121.68,123.86,124.38,120.52,290695,1.98
477,2017-12-18,000021,9.56,9.58,9.73,9.46,122.06,122.32,124.25,120.78,175200,1.19
478,2017-12-19,000021,9.63,9.71,9.82,9.59,122.96,123.99,125.4,122.45,199274,1.36
479,2017-12-20,000021,9.68,9.65,9.73,9.47,123.6,123.22,124.25,120.91,193180,1.31
480,2017-12-21,000021,9.59,9.85,9.92,9.5,122.45,125.79,126.69,121.29,270728,1.84
481,2017-12-22,000021,9.91,9.77,9.96,9.72,126.56,124.76,127.2,124.12,170252,1.16
482,2017-12-25,000021,9.73,9.45,9.74,9.38,124.25,120.65,124.38,119.75,218228,1.49
483,2017-12-26,000021,9.43,9.59,9.64,9.38,120.39,122.45,123.09,119.75,153862,1.05
484,2017-12-27,000021,9.56,9.26,9.61,9.23,122.06,118.21,122.7,117.82,176264,1.2
485,2017-12-28,000021,9.22,9.51,9.54,9.22,117.69,121.42,121.8,117.69,184986,1.26
486,2017-12-29,000021,9.59,9.73,9.8,9.5,122.45,124.25,125.15,121.29,214151,1.46
487,2018-01-02,000021,9.86,9.83,9.9,9.65,125.92,125.53,126.43,123.22,248142,1.69
488,2018-01-03,000021,9.86,9.9,9.93,9.73,125.92,126.43,126.82,124.25,257478,1.75
489,2018-01-04,000021,9.83,9.88,10.05,9.76,125.53,126.17,128.36,124.63,271288,1.85
490,2018-01-05,000021,9.87,9.83,9.88,9.7,126.05,125.53,126.17,123.86,189548,1.29
491,2018-01-08,000021,9.78,9.73,9.8,9.53,124.89,124.25,125.15,121.68,211702,1.44
492,2018-01-09,000021,9.7,9.68,9.74,9.55,123.86,123.6,124.38,121.93,146526,1.0
493,2018-01-10,000021,9.65,10.28,10.3,9.52,123.22,131.32,131.57,121.55,645669,4.39
494,2018-01-11,000021,10.25,11.31,11.31,10.19,130.93,144.55,144.55,130.16,1179240,8.03
495,2018-01-12,000021,11.66,11.2,12.2,11.18,149.05,143.14,155.99,142.88,1545334,10.52
496,2018-01-15,000021,11.11,11.73,12.18,10.95,141.98,149.95,155.74,139.93,1531766,10.42
497,2018-01-16,000021,11.45,11.09,11.58,10.83,146.35,141.73,148.02,138.38,1215416,8.27
498,2018-01-17,000021,10.4,9.98,10.46,9.98,132.86,127.46,133.63,127.46,1102783,7.5
499,2018-01-18,000021,9.95,9.82,10.07,9.78,127.07,125.4,128.62,124.89,656869,4.47
500,2018-01-19,000021,9.85,9.85,10.01,9.74,125.79,125.79,127.85,124.38,526248,3.58
501,2018-01-22,000021,9.8,9.71,9.82,9.37,125.15,123.99,125.4,119.62,437967,2.98
502,2018-01-23,000021,9.68,9.6,9.75,9.57,123.6,122.58,124.5,122.19,312250,2.13
503,2018-01-24,000021,9.61,9.83,9.93,9.53,122.7,125.53,126.82,121.68,442762,3.01
504,2018-01-25,000021,9.76,9.76,9.88,9.68,124.63,124.63,126.17,123.6,283237,1.93
505,2018-01-26,000021,9.77,9.87,10.02,9.72,124.76,126.05,127.97,124.12,314773,2.14
506,2018-01-29,000021,9.8,9.65,9.84,9.56,125.15,123.22,125.66,122.06,305785,2.08
507,2018-01-30,000021,9.64,9.29,9.71,9.21,123.09,118.59,123.99,117.56,356564,2.43
508,2018-01-31,000021,9.31,8.93,9.34,8.79,118.85,113.96,119.23,112.17,332943,2.27
509,2018-02-01,000021,8.93,8.28,8.97,8.16,113.96,105.61,114.48,104.07,445560,3.03
510,2018-02-02,000021,8.14,8.38,8.41,8.09,103.81,106.9,107.28,103.17,276164,1.88
511,2018-02-05,000021,8.12,8.26,8.35,8.12,103.55,105.35,106.51,103.55,141791,0.96
512,2018-02-06,000021,8.03,7.74,8.16,7.73,102.4,98.67,104.07,98.54,287848,1.96
513,2018-02-07,000021,7.95,7.88,8.04,7.66,101.37,100.47,102.53,97.64,209646,1.43
514,2018-02-08,000021,7.87,8.13,8.19,7.83,100.34,103.68,104.45,99.83,176797,1.2
515,2018-02-09,000021,7.91,7.81,8.0,7.71,100.86,99.57,102.01,98.28,190122,1.29
516,2018-02-12,000021,7.89,8.03,8.09,7.85,100.6,102.4,103.17,100.08,152951,1.04
517,2018-02-13,000021,8.1,8.1,8.21,8.04,103.3,103.3,104.71,102.53,161949,1.1
518,2018-02-14,000021,8.17,8.13,8.17,8.02,104.2,103.68,104.2,102.27,83262,0.57
519,2018-02-22,000021,8.25,8.31,8.37,8.14,105.23,106.0,106.77,103.81,159624,1.09
520,2018-02-23,000021,8.26,8.25,8.31,8.16,105.35,105.23,106.0,104.07,151367,1.03
521,2018-02-26,000021,8.3,8.5,8.54,8.27,105.87,108.44,108.95,105.48,238058,1.62
522,2018-02-27,000021,8.52,8.56,8.78,8.48,108.7,109.21,112.04,108.18,263604,1.79
523,2018-02-28,000021,8.42,8.69,8.82,8.35,107.41,110.88,112.55,106.51,272114,1.85
524,2018-03-01,000021,8.58,8.95,8.95,8.57,109.47,114.22,114.22,109.34,340519,2.32
525,2018-03-02,000021,8.82,8.75,8.98,8.72,112.55,111.65,114.61,111.27,303501,2.07
526,2018-03-05,000021,8.82,8.93,8.94,8.75,112.55,113.96,114.09,111.65,242063,1.65
527,2018-03-06,000021,8.94,8.96,9.07,8.85,114.09,114.35,115.76,112.94,271539,1.85
528,2018-03-07,000021,8.91,8.77,8.96,8.75,113.71,111.91,114.35,111.65,202521,1.38
529,2018-03-08,000021,8.76,8.87,9.02,8.76,111.78,113.19,115.12,111.78,215542,1.47
530,2018-03-09,000021,8.84,9.09,9.14,8.81,112.81,116.02,116.66,112.42,317631,2.16
531,2018-03-12,000021,9.15,9.12,9.27,9.06,116.79,116.41,118.33,115.64,315840,2.15
532,2018-03-13,000021,9.09,9.06,9.23,8.95,116.02,115.64,117.82,114.22,279817,1.9
533,2018-03-14,000021,9.01,8.79,9.03,8.77,114.99,112.17,115.25,111.91,225393,1.53
534,2018-03-15,000021,8.75,8.83,8.88,8.65,111.65,112.68,113.32,110.37,164178,1.12
535,2018-03-16,000021,8.8,8.81,8.95,8.79,112.29,112.42,114.22,112.17,147372,1.0
536,2018-03-19,000021,8.78,8.83,8.98,8.78,112.04,112.68,114.61,112.04,141277,0.96
537,2018-03-20,000021,8.67,8.71,8.76,8.54,110.62,111.14,111.78,108.95,175460,1.19
538,2018-03-21,000021,8.74,8.78,9.03,8.71,111.52,112.04,115.25,111.14,253208,1.72
539,2018-03-22,000021,8.78,8.9,8.92,8.61,112.04,113.58,113.84,109.85,197458,1.34
540,2018-03-23,000021,8.66,8.02,8.69,8.02,110.49,102.27,110.88,102.27,361392,2.46
541,2018-03-26,000021,7.78,8.13,8.18,7.66,99.18,103.68,104.33,97.64,198673,1.35
542,2018-03-27,000021,8.25,8.47,8.58,8.2,105.23,108.05,109.47,104.58,218292,1.49
543,2018-03-28,000021,8.28,8.37,8.47,8.26,105.61,106.77,108.05,105.35,129610,0.88
544,2018-03-29,000021,8.37,8.46,8.48,8.36,106.77,107.92,108.18,106.64,116034,0.79
545,2018-03-30,000021,8.5,8.74,8.84,8.5,108.44,111.52,112.81,108.44,225810,1.54
546,2018-04-02,000021,8.8,8.94,9.12,8.68,112.29,114.09,116.41,110.75,370902,2.52
547,2018-04-03,000021,8.78,8.78,8.85,8.6,112.04,112.04,112.94,109.72,250362,1.7
548,2018-04-04,000021,8.78,8.48,8.83,8.45,112.04,108.18,112.68,107.8,207408,1.41
549,2018-04-09,000021,8.39,8.44,8.52,8.2,107.02,107.67,108.7,104.58,153880,1.05
550,2018-04-10,000021,8.47,8.56,8.56,8.32,108.05,109.21,109.21,106.12,141685,0.96
551,2018-04-11,000021,8.56,8.77,8.78,8.52,109.21,111.91,112.04,108.7,231964,1.58
552,2018-04-12,000021,8.68,8.75,8.9,8.67,110.75,111.65,113.58,110.62,208518,1.42
553,2018-04-13,000021,8.82,8.77,8.96,8.77,112.55,111.91,114.35,111.91,199302,1.36
554,2018-04-16,000021,8.73,8.91,8.94,8.6,111.39,113.71,114.09,109.72,227307,1.55
555,2018-04-17,000021,8.93,8.55,9.08,8.5,113.96,109.08,115.89,108.44,270226,1.84
556,2018-04-18,000021,8.63,9.41,9.41,8.5,110.11,120.13,120.13,108.44,505140,3.44
557,2018-04-19,000021,9.69,9.54,9.97,9.51,123.73,121.8,127.33,121.42,1133907,7.72
558,2018-04-20,000021,9.41,9.67,9.92,9.38,120.13,123.48,126.69,119.75,800307,5.45
559,2018-04-23,000021,9.65,9.25,9.66,9.04,123.22,118.08,123.35,115.38,598195,4.07
560,2018-04-24,000021,9.26,9.65,9.65,9.16,118.21,123.22,123.22,116.92,479716,3.26
561,2018-04-25,000021,9.52,9.73,9.94,9.49,121.55,124.25,126.95,121.16,651895,4.44
562,2018-04-26,000021,9.6,9.59,9.87,9.52,122.58,122.45,126.05,121.55,445598,3.03
563,2018-04-27,000021,9.7,9.34,9.78,9.18,123.86,119.23,124.89,117.18,388704,2.65
564,2018-05-02,000021,9.12,8.87,9.26,8.76,116.41,113.19,118.21,111.78,436599,2.97
565,2018-05-03,000021,8.83,9.03,9.12,8.66,112.68,115.25,116.41,110.49,274894,1.87
566,2018-05-04,000021,8.95,8.94,9.15,8.93,114.22,114.09,116.79,113.96,196294,1.34
567,2018-05-07,000021,8.95,9.05,9.06,8.83,114.22,115.51,115.64,112.68,227919,1.55
568,2018-05-08,000021,9.04,8.99,9.04,8.9,115.38,114.74,115.38,113.58,211188,1.44
569,2018-05-09,000021,9.0,8.89,9.08,8.84,114.86,113.45,115.89,112.81,226806,1.54
570,2018-05-10,000021,8.9,8.84,8.94,8.7,113.58,112.81,114.09,111.01,246461,1.68
571,2018-05-11,000021,8.84,8.72,8.87,8.71,112.81,111.27,113.19,111.14,157102,1.07
572,2018-05-14,000021,8.55,8.52,8.71,8.5,109.08,108.7,111.14,108.44,187967,1.28
573,2018-05-15,000021,8.52,8.61,8.62,8.33,108.7,109.85,109.98,106.25,219686,1.5
574,2018-05-16,000021,8.56,8.45,8.58,8.43,109.21,107.8,109.47,107.54,123549,0.84
575,2018-05-17,000021,8.49,8.42,8.51,8.41,108.31,107.41,108.57,107.28,84983,0.58
576,2018-05-18,000021,8.44,8.39,8.47,8.25,107.67,107.02,108.05,105.23,150235,1.02
577,2018-05-21,000021,8.45,8.55,8.58,8.45,107.8,109.08,109.47,107.8,144427,0.98
578,2018-05-22,000021,8.58,8.54,8.58,8.46,109.47,108.95,109.47,107.92,101429,0.69
579,2018-05-23,000021,8.53,8.56,8.68,8.4,108.82,109.21,110.75,107.15,199726,1.36
580,2018-05-24,000021,8.53,8.51,8.58,8.44,108.82,108.57,109.47,107.67,114971,0.78
581,2018-05-25,000021,8.51,8.32,8.51,8.31,108.57,106.12,108.57,106.0,122220,0.83
582,2018-05-28,000021,8.31,8.17,8.33,8.15,106.0,104.2,106.25,103.94,100330,0.68
583,2018-05-29,000021,8.16,8.2,8.29,8.14,104.07,104.58,105.74,103.81,74774,0.51
584,2018-05-30,000021,8.16,7.95,8.16,7.83,104.07,101.37,104.07,99.83,142312,0.97
585,2018-05-31,000021,7.94,8.01,8.08,7.93,101.24,102.14,103.04,101.11,101075,0.69
586,2018-06-01,000021,8.0,7.91,8.04,7.86,102.01,100.86,102.53,100.21,70615,0.48
587,2018-06-04,000021,7.97,7.95,8.02,7.91,101.63,101.37,102.27,100.86,56764,0.39
588,2018-06-05,000021,7.98,8.14,8.15,7.98,101.75,103.81,103.94,101.75,86866,0.59
589,2018-06-06,000021,8.13,8.09,8.16,8.05,103.68,103.17,104.07,102.65,66295,0.45
590,2018-06-07,000021,8.12,8.01,8.15,8.0,103.55,102.14,103.94,102.01,58908,0.4
591,2018-06-08,000021,7.97,7.8,8.01,7.69,101.63,99.44,102.14,98.03,123984,0.84
592,2018-06-11,000021,7.81,7.78,7.84,7.71,99.57,99.18,99.96,98.28,51572,0.35
593,2018-06-12,000021,7.81,7.86,7.89,7.67,99.57,100.21,100.6,97.77,66726,0.45
594,2018-06-13,000021,7.84,7.76,7.94,7.75,99.96,98.93,101.24,98.8,64657,0.44
595,2018-06-14,000021,7.75,7.72,7.86,7.71,98.8,98.41,100.21,98.28,64988,0.44
596,2018-06-15,000021,7.72,7.45,7.77,7.39,98.41,94.94,99.06,94.17,120816,0.82
597,2018-06-19,000021,7.44,6.84,7.44,6.71,94.81,87.1,94.81,85.43,199106,1.36
598,2018-06-20,000021,6.78,6.82,6.91,6.62,86.33,86.85,88.0,84.28,117467,0.8
599,2018-06-21,000021,6.82,6.28,6.84,6.24,86.85,79.91,87.1,79.39,161827,1.1
600,2018-06-22,000021,6.23,6.44,6.48,6.0,79.26,81.96,82.48,76.31,100953,0.69
601,2018-06-25,000021,6.52,6.41,6.59,6.39,82.99,81.58,83.89,81.32,71437,0.49
602,2018-06-26,000021,6.36,6.63,6.79,6.28,80.93,84.4,86.46,79.91,123285,0.84
603,2018-06-27,000021,6.62,6.65,6.78,6.58,84.28,84.66,86.33,83.76,91125,0.62
604,2018-06-28,000021,6.6,6.59,6.74,6.55,84.66,84.53,86.46,84.02,77137,0.52
605,2018-06-29,000021,6.59,6.82,6.83,6.56,84.53,87.49,87.62,84.15,102135,0.7
606,2018-07-02,000021,6.82,6.66,6.84,6.58,87.49,85.43,87.75,84.4,78621,0.54
607,2018-07-03,000021,6.62,6.86,6.9,6.54,84.92,88.0,88.52,83.89,101665,0.69
608,2018-07-04,000021,6.94,6.78,6.94,6.7,89.03,86.97,89.03,85.95,95658,0.65
609,2018-07-05,000021,6.72,6.5,6.82,6.48,86.2,83.38,87.49,83.12,83208,0.57
610,2018-07-06,000021,6.52,6.72,6.85,6.44,83.63,86.2,87.87,82.6,132498,0.9
611,2018-07-09,000021,6.76,6.86,6.9,6.68,86.72,88.0,88.52,85.69,111214,0.76
612,2018-07-10,000021,6.86,6.87,6.92,6.77,88.0,88.13,88.77,86.85,83727,0.57
613,2018-07-11,000021,6.78,6.67,6.78,6.57,86.97,85.56,86.97,84.28,87755,0.6
614,2018-07-12,000021,6.74,6.86,6.93,6.7,86.46,88.0,88.9,85.95,118509,0.81
615,2018-07-13,000021,6.88,6.82,6.89,6.77,88.26,87.49,88.39,86.85,78134,0.53
616,2018-07-16,000021,6.81,6.91,7.02,6.78,87.36,88.65,90.06,86.97,118228,0.8
617,2018-07-17,000021,6.88,6.93,6.93,6.8,88.26,88.9,88.9,87.23,71823,0.49
618,2018-07-18,000021,6.99,6.93,7.18,6.93,89.67,88.9,92.12,88.9,119185,0.81
619,2018-07-19,000021,6.91,6.81,6.94,6.77,88.65,87.36,89.03,86.85,78592,0.53
620,2018-07-20,000021,6.81,6.91,6.95,6.72,87.36,88.65,89.16,86.2,80936,0.55
621,2018-07-23,000021,6.9,7.02,7.07,6.86,88.52,90.06,90.7,88.0,98551,0.67
622,2018-07-24,000021,7.13,7.08,7.13,7.0,91.47,90.83,91.47,89.8,125908,0.86
623,2018-07-25,000021,7.1,7.1,7.23,7.06,91.09,91.09,92.76,90.57,110340,0.75
624,2018-07-26,000021,7.07,7.04,7.1,6.99,90.7,90.32,91.09,89.67,90036,0.61
625,2018-07-27,000021,7.03,7.03,7.04,6.92,90.19,90.19,90.32,88.77,72737,0.5
626,2018-07-30,000021,7.02,6.94,7.06,6.9,90.06,89.03,90.57,88.52,76952,0.52
627,2018-07-31,000021,6.98,6.9,6.98,6.88,89.55,88.52,89.55,88.26,49686,0.34
628,2018-08-01,000021,6.91,6.7,6.99,6.68,88.65,85.95,89.67,85.69,79856,0.54
629,2018-08-02,000021,6.66,6.4,6.73,6.28,85.43,82.09,86.33,80.55,105817,0.72
630,2018-08-03,000021,6.42,6.38,6.52,6.33,82.35,81.83,83.63,81.19,50271,0.34
631,2018-08-06,000021,6.42,6.25,6.46,6.18,82.35,80.16,82.86,79.26,59410,0.4
632,2018-08-07,000021,6.28,6.42,6.43,6.23,80.55,82.35,82.48,79.91,59887,0.41
633,2018-08-08,000021,6.41,6.34,6.46,6.3,82.22,81.32,82.86,80.81,51211,0.35
634,2018-08-09,000021,6.33,6.57,6.62,6.29,81.19,84.28,84.92,80.68,108538,0.74
635,2018-08-10,000021,6.55,6.57,6.59,6.5,84.02,84.28,84.53,83.38,64271,0.44
636,2018-08-13,000021,6.5,6.65,6.7,6.41,83.38,85.3,85.95,82.22,87432,0.6
637,2018-08-14,000021,6.61,6.57,6.65,6.53,84.79,84.28,85.3,83.76,52399,0.36
638,2018-08-15,000021,6.57,6.44,6.64,6.43,84.28,82.6,85.18,82.48,58808,0.4
639,2018-08-16,000021,6.35,6.45,6.54,6.26,81.45,82.73,83.89,80.29,49403,0.34
640,2018-08-17,000021,6.55,6.38,6.59,6.32,84.02,81.83,84.53,81.06,63828,0.43
641,2018-08-20,000021,6.24,6.38,6.4,6.23,80.03,81.83,82.09,79.91,68170,0.46
642,2018-08-21,000021,6.37,6.41,6.45,6.34,81.71,82.22,82.73,81.32,60801,0.41
643,2018-08-22,000021,6.39,6.22,6.4,6.21,81.96,79.78,82.09,79.65,64168,0.44
644,2018-08-23,000021,6.22,6.33,6.37,6.21,79.78,81.19,81.71,79.65,63972,0.44
645,2018-08-24,000021,6.32,6.33,6.38,6.29,81.06,81.19,81.83,80.68,43751,0.3
646,2018-08-27,000021,6.3,6.45,6.48,6.3,80.81,82.73,83.12,80.81,69721,0.47
647,2018-08-28,000021,6.45,6.47,6.54,6.43,82.73,82.99,83.89,82.48,64053,0.44
648,2018-08-29,000021,6.49,6.38,6.49,6.34,83.25,81.83,83.25,81.32,58170,0.4
649,2018-08-30,000021,6.39,6.25,6.39,6.25,81.96,80.16,81.96,80.16,50312,0.34
650,2018-08-31,000021,6.24,6.19,6.28,6.18,80.03,79.39,80.55,79.26,56643,0.39
651,2018-09-03,000021,6.19,6.14,6.19,6.01,79.39,78.75,79.39,77.08,57193,0.39
652,2018-09-04,000021,6.13,6.22,6.25,6.11,78.62,79.78,80.16,78.36,51042,0.35
653,2018-09-05,000021,6.2,6.09,6.23,6.08,79.52,78.11,79.91,77.98,44948,0.31
654,2018-09-06,000021,6.1,6.14,6.22,6.08,78.24,78.75,79.78,77.98,44968,0.31
655,2018-09-07,000021,6.11,6.12,6.22,6.06,78.36,78.49,79.78,77.72,51716,0.35
656,2018-09-10,000021,6.1,6.03,6.14,6.02,78.24,77.34,78.75,77.21,44102,0.3
657,2018-09-11,000021,6.05,6.0,6.11,5.97,77.59,76.95,78.36,76.56,57151,0.39
658,2018-09-12,000021,6.01,6.01,6.05,5.98,77.08,77.08,77.59,76.69,39415,0.27
659,2018-09-13,000021,6.05,6.07,6.11,6.01,77.59,77.85,78.36,77.08,44162,0.3
660,2018-09-14,000021,6.06,6.04,6.09,6.01,77.72,77.46,78.11,77.08,35620,0.24
661,2018-09-17,000021,6.03,5.89,6.03,5.89,77.34,75.54,77.34,75.54,48197,0.33
662,2018-09-18,000021,5.89,5.98,6.0,5.88,75.54,76.69,76.95,75.41,36202,0.25
663,2018-09-19,000021,5.96,6.14,6.18,5.95,76.44,78.75,79.26,76.31,83522,0.57
664,2018-09-20,000021,6.16,6.2,6.39,6.12,79.01,79.52,81.96,78.49,120772,0.82
665,2018-09-21,000021,6.12,6.22,6.23,6.11,78.49,79.78,79.91,78.36,79389,0.54
666,2018-09-25,000021,6.17,6.18,6.22,6.14,79.13,79.26,79.78,78.75,41548,0.28
667,2018-09-26,000021,6.16,6.17,6.22,6.14,79.01,79.13,79.78,78.75,49431,0.34
668,2018-09-27,000021,6.19,6.06,6.2,6.05,79.39,77.72,79.52,77.59,55123,0.38
669,2018-09-28,000021,6.07,6.1,6.11,6.06,77.85,78.24,78.36,77.72,45389,0.31
670,2018-10-08,000021,5.99,5.95,6.04,5.94,76.82,76.31,77.46,76.18,51322,0.35
671,2018-10-09,000021,5.99,5.9,6.0,5.88,76.82,75.66,76.95,75.41,44869,0.31
672,2018-10-10,000021,5.91,5.91,5.94,5.85,75.79,75.79,76.18,75.02,31554,0.21
673,2018-10-11,000021,5.77,5.36,5.77,5.32,73.99,68.72,73.99,68.21,110819,0.75
674,2018-10-12,000021,5.3,5.11,5.32,4.83,67.95,65.51,68.21,61.91,113138,0.77
675,2018-10-15,000021,5.18,5.03,5.25,4.97,66.41,64.48,67.31,63.71,67836,0.46
676,2018-10-16,000021,5.06,4.93,5.12,4.88,64.87,63.2,65.64,62.56,53843,0.37
677,2018-10-17,000021,5.0,5.04,5.05,4.92,64.1,64.61,64.74,63.07,51088,0.35
678,2018-10-18,000021,5.0,4.91,5.02,4.89,64.1,62.94,64.35,62.68,47450,0.32
679,2018-10-19,000021,4.85,5.06,5.06,4.75,62.17,64.87,64.87,60.88,74595,0.51
680,2018-10-22,000021,5.07,5.32,5.44,5.07,65.0,68.21,69.75,65.0,113264,0.77
681,2018-10-23,000021,5.3,5.2,5.33,5.15,67.95,66.67,68.34,66.03,62824,0.43
682,2018-10-24,000021,5.16,5.2,5.27,5.13,66.15,66.67,67.57,65.77,46880,0.32
683,2018-10-25,000021,5.05,5.16,5.17,4.92,64.74,66.15,66.28,63.07,59506,0.4
684,2018-10-26,000021,5.18,5.21,5.31,5.17,66.41,66.8,68.08,66.28,56043,0.38
685,2018-10-29,000021,5.16,5.15,5.24,5.13,66.15,66.03,67.18,65.77,38275,0.26
686,2018-10-30,000021,5.13,5.24,5.27,5.13,65.77,67.18,67.57,65.77,56024,0.38
687,2018-10-31,000021,5.27,5.39,5.41,5.27,67.57,69.11,69.37,67.57,90460,0.62
688,2018-11-01,000021,5.44,5.46,5.58,5.42,69.75,70.01,71.55,69.5,120562,0.82
689,2018-11-02,000021,5.5,5.73,5.8,5.5,70.52,73.48,74.38,70.52,140583,0.96
690,2018-11-05,000021,5.73,5.69,5.75,5.6,73.48,72.97,73.74,71.81,86969,0.59
691,2018-11-06,000021,5.66,5.7,5.72,5.56,72.58,73.09,73.35,71.29,69623,0.47
692,2018-11-07,000021,5.67,5.7,5.82,5.66,72.71,73.09,74.64,72.58,91293,0.62
693,2018-11-08,000021,5.75,5.75,5.82,5.7,73.74,73.74,74.64,73.09,76808,0.52
694,2018-11-09,000021,5.71,5.73,5.77,5.66,73.22,73.48,73.99,72.58,61837,0.42
695,2018-11-12,000021,5.69,5.99,6.0,5.65,72.97,76.82,76.95,72.45,104983,0.71
696,2018-11-13,000021,5.93,6.06,6.11,5.86,76.05,77.72,78.36,75.15,112535,0.77
697,2018-11-14,000021,6.06,6.05,6.14,5.98,77.72,77.59,78.75,76.69,107303,0.73
698,2018-11-15,000021,6.03,6.19,6.2,6.03,77.34,79.39,79.52,77.34,94608,0.64
699,2018-11-16,000021,6.2,6.34,6.45,6.2,79.52,81.32,82.73,79.52,135280,0.92
700,2018-11-19,000021,6.33,6.46,6.48,6.3,81.19,82.86,83.12,80.81,100458,0.68
701,2018-11-20,000021,6.42,6.15,6.47,6.12,82.35,78.88,82.99,78.49,133152,0.91
702,2018-11-21,000021,6.11,6.14,6.18,5.93,78.36,78.75,79.26,76.05,152810,1.04
703,2018-11-22,000021,6.22,6.19,6.3,6.08,79.78,79.39,80.81,77.98,94212,0.64
704,2018-11-23,000021,6.2,5.93,6.23,5.92,79.52,76.05,79.91,75.92,97502,0.66
705,2018-11-26,000021,5.94,6.18,6.35,5.94,76.18,79.26,81.45,76.18,157725,1.07
706,2018-11-27,000021,6.31,6.14,6.34,6.06,80.93,78.75,81.32,77.72,111949,0.76
707,2018-11-28,000021,6.13,6.2,6.2,6.0,78.62,79.52,79.52,76.95,97184,0.66
708,2018-11-29,000021,6.2,5.97,6.23,5.94,79.52,76.56,79.91,76.18,115485,0.79
709,2018-11-30,000021,5.98,6.08,6.12,5.95,76.69,77.98,78.49,76.31,80974,0.55
710,2018-12-03,000021,6.19,6.29,6.35,6.19,79.39,80.68,81.45,79.39,140274,0.95
711,2018-12-04,000021,6.28,6.35,6.38,6.25,80.55,81.45,81.83,80.16,86369,0.59
712,2018-12-05,000021,6.26,6.26,6.32,6.2,80.29,80.29,81.06,79.52,76078,0.52
713,2018-12-06,000021,6.26,6.03,6.26,5.98,80.29,77.34,80.29,76.69,113607,0.77
714,2018-12-07,000021,6.05,6.11,6.14,6.04,77.59,78.36,78.75,77.46,58470,0.4
715,2018-12-10,000021,6.08,6.1,6.17,6.02,77.98,78.24,79.13,77.21,65544,0.45
716,2018-12-11,000021,6.08,6.17,6.18,6.08,77.98,79.13,79.26,77.98,55207,0.38
717,2018-12-12,000021,6.14,6.08,6.2,6.06,78.75,77.98,79.52,77.72,59797,0.41
718,2018-12-13,000021,6.09,6.19,6.25,6.05,78.11,79.39,80.16,77.59,98774,0.67
719,2018-12-14,000021,6.18,5.95,6.18,5.93,79.26,76.31,79.26,76.05,106415,0.72
720,2018-12-17,000021,5.96,6.06,6.06,5.9,76.44,77.72,77.72,75.66,64334,0.44
721,2018-12-18,000021,6.0,6.02,6.05,5.95,76.95,77.21,77.59,76.31,59473,0.4
722,2018-12-19,000021,6.02,5.92,6.05,5.88,77.21,75.92,77.59,75.41,61535,0.42
723,2018-12-20,000021,5.94,5.78,5.97,5.69,76.18,74.12,76.56,72.97,67718,0.46
724,2018-12-21,000021,5.81,5.97,5.98,5.78,74.51,76.56,76.69,74.12,99471,0.68
725,2018-12-24,000021,5.92,5.98,6.01,5.88,75.92,76.69,77.08,75.41,59640,0.41
726,2018-12-25,000021,5.9,5.89,5.96,5.69,75.66,75.54,76.44,72.97,64898,0.44
727,2018-12-26,000021,5.9,5.78,5.91,5.77,75.66,74.12,75.79,73.99,36404,0.25
728,2018-12-27,000021,5.89,5.87,6.01,5.8,75.54,75.28,77.08,74.38,85617,0.58
729,2018-12-28,000021,5.82,5.75,5.86,5.69,74.64,73.74,75.15,72.97,80001,0.54
730,2019-01-02,000021,5.79,5.68,5.79,5.67,74.25,72.84,74.25,72.71,43843,0.3
731,2019-01-03,000021,5.72,5.64,5.75,5.63,73.35,72.32,73.74,72.19,44666,0.3
732,2019-01-04,000021,5.54,5.78,5.79,5.51,71.04,74.12,74.25,70.65,71812,0.49
733,2019-01-07,000021,5.78,6.03,6.03,5.77,74.12,77.34,77.34,73.99,102722,0.7
734,2019-01-08,000021,6.03,6.03,6.13,5.98,77.34,77.34,78.62,76.69,93972,0.64
735,2019-01-09,000021,6.1,6.07,6.18,6.03,78.24,77.85,79.26,77.34,116161,0.79
736,2019-01-10,000021,6.08,6.11,6.27,6.08,77.98,78.36,80.42,77.98,86095,0.59
737,2019-01-11,000021,6.11,6.2,6.27,6.11,78.36,79.52,80.42,78.36,75085,0.51
738,2019-01-14,000021,6.19,6.13,6.22,6.08,79.39,78.62,79.78,77.98,66204,0.45
739,2019-01-15,000021,6.18,6.28,6.29,6.12,79.26,80.55,80.68,78.49,116292,0.79
740,2019-01-16,000021,6.24,6.18,6.31,6.17,80.03,79.26,80.93,79.13,91576,0.62
741,2019-01-17,000021,6.21,6.22,6.24,6.12,79.65,79.78,80.03,78.49,69277,0.47
742,2019-01-18,000021,6.23,6.14,6.23,6.04,79.91,78.75,79.91,77.46,108517,0.74
743,2019-01-21,000021,6.14,6.17,6.23,6.09,78.75,79.13,79.91,78.11,76350,0.52
744,2019-01-22,000021,6.18,6.08,6.22,6.03,79.26,77.98,79.78,77.34,58507,0.4
745,2019-01-23,000021,6.07,6.06,6.1,6.02,77.85,77.72,78.24,77.21,37984,0.26
746,2019-01-24,000021,6.08,6.19,6.27,6.04,77.98,79.39,80.42,77.46,100444,0.68
747,2019-01-25,000021,6.21,6.11,6.24,6.11,79.65,78.36,80.03,78.36,66883,0.46
748,2019-01-28,000021,6.14,6.08,6.23,6.06,78.75,77.98,79.91,77.72,69860,0.48
749,2019-01-29,000021,6.1,5.96,6.11,5.83,78.24,76.44,78.36,74.76,79107,0.54
750,2019-01-30,000021,5.96,5.91,6.08,5.91,76.44,75.79,77.98,75.79,62200,0.42
751,2019-01-31,000021,5.95,5.83,5.97,5.73,76.31,74.76,76.56,73.48,73185,0.5
752,2019-02-01,000021,5.84,6.03,6.04,5.81,74.89,77.34,77.46,74.51,71889,0.49
753,2019-02-11,000021,6.04,6.26,6.29,6.04,77.46,80.29,80.68,77.46,125666,0.86
754,2019-02-12,000021,6.26,6.39,6.45,6.22,80.29,81.96,82.73,79.78,165620,1.13
755,2019-02-13,000021,6.39,6.8,6.99,6.39,81.96,87.23,89.67,81.96,354360,2.41
756,2019-02-14,000021,6.8,6.77,6.87,6.66,87.23,86.85,88.13,85.43,181825,1.24
757,2019-02-15,000021,6.84,6.77,7.04,6.77,87.75,86.85,90.32,86.85,194380,1.32
758,2019-02-18,000021,7.02,7.36,7.45,6.96,90.06,94.43,95.59,89.29,387013,2.63
759,2019-02-19,000021,7.53,7.22,7.53,7.15,96.61,92.63,96.61,91.73,310681,2.11
760,2019-02-20,000021,7.19,7.15,7.25,7.05,92.24,91.73,93.02,90.44,164569,1.12
761,2019-02-21,000021,7.11,7.05,7.28,7.02,91.22,90.44,93.4,90.06,214717,1.46
762,2019-02-22,000021,7.01,7.34,7.38,7.01,89.93,94.17,94.69,89.93,246278,1.68
763,2019-02-25,000021,7.49,7.72,7.75,7.4,96.1,99.06,99.44,94.94,334390,2.28
764,2019-02-26,000021,7.7,7.48,7.71,7.42,98.8,95.97,98.93,95.2,258500,1.76
765,2019-02-27,000021,7.47,7.43,7.6,7.32,95.84,95.33,97.51,93.92,161008,1.1
766,2019-02-28,000021,7.4,7.36,7.51,7.3,94.94,94.43,96.36,93.66,126252,0.86
767,2019-03-01,000021,7.41,7.45,7.48,7.32,95.07,95.59,95.97,93.92,124667,0.85
768,2019-03-04,000021,7.49,7.52,7.72,7.48,96.1,96.49,99.06,95.97,216660,1.47
769,2019-03-05,000021,7.53,7.91,7.94,7.48,96.61,101.5,101.88,95.97,268491,1.83
770,2019-03-06,000021,7.92,7.96,8.04,7.72,101.63,102.14,103.17,99.06,249374,1.7
771,2019-03-07,000021,7.93,8.1,8.23,7.82,101.75,103.94,105.61,100.34,260326,1.77
772,2019-03-08,000021,7.95,8.11,8.9,7.72,102.01,104.07,114.22,99.06,593781,4.04
773,2019-03-11,000021,8.45,8.48,8.6,8.15,108.44,108.82,110.37,104.58,406156,2.76
774,2019-03-12,000021,8.6,8.76,8.87,8.4,110.37,112.42,113.84,107.8,466026,3.17
775,2019-03-13,000021,8.74,8.2,8.74,8.05,112.17,105.23,112.17,103.3,423156,2.88
776,2019-03-14,000021,8.15,7.81,8.2,7.7,104.58,100.21,105.23,98.8,283109,1.93
777,2019-03-15,000021,7.86,7.9,8.01,7.78,100.86,101.37,102.78,99.83,186242,1.27
778,2019-03-18,000021,7.83,8.19,8.19,7.74,100.47,105.1,105.1,99.31,216983,1.48
779,2019-03-19,000021,8.16,8.44,8.66,8.12,104.71,108.31,111.14,104.2,355042,2.42
780,2019-03-20,000021,8.64,8.32,8.9,8.1,110.88,106.77,114.22,103.94,299283,2.04
781,2019-03-21,000021,8.15,9.15,9.15,8.15,104.58,117.43,117.43,104.58,365308,2.49
782,2019-03-22,000021,9.68,10.07,10.07,9.22,124.25,129.26,129.26,118.33,1492781,10.16
783,2019-03-25,000021,10.5,10.87,11.08,10.08,134.79,139.54,142.24,129.39,1641005,11.17
784,2019-03-26,000021,10.19,9.99,10.79,9.78,130.8,128.23,138.51,125.53,1605995,10.93
785,2019-03-27,000021,10.05,9.45,10.12,9.24,129.0,121.29,129.9,118.59,1218675,8.29
786,2019-03-28,000021,9.3,9.06,9.65,9.02,119.36,116.28,123.86,115.76,961996,6.55
787,2019-03-29,000021,8.96,9.38,9.5,8.78,114.99,120.39,121.93,112.68,825264,5.62
788,2019-04-01,000021,9.46,9.8,9.94,9.46,121.42,125.79,127.59,121.42,894556,6.09
789,2019-04-02,000021,9.76,9.75,9.97,9.61,125.27,125.15,127.97,123.35,781847,5.32
790,2019-04-03,000021,10.19,9.82,10.48,9.66,130.8,126.05,134.53,123.99,862306,5.87
791,2019-04-04,000021,9.82,9.57,9.83,9.51,126.05,122.83,126.17,122.06,659100,4.49
792,2019-04-08,000021,9.58,9.35,9.64,9.13,122.96,120.01,123.73,117.18,481857,3.28
793,2019-04-09,000021,9.3,9.48,9.56,9.17,119.36,121.68,122.7,117.69,310611,2.11
794,2019-04-10,000021,9.38,9.54,9.6,9.21,120.39,122.45,123.22,118.21,398997,2.72
795,2019-04-11,000021,9.54,9.3,9.54,9.27,122.45,119.36,122.45,118.98,286493,1.95
796,2019-04-12,000021,9.26,9.02,9.37,8.94,118.85,115.76,120.26,114.74,314744,2.14
797,2019-04-15,000021,9.19,8.99,9.32,8.98,117.95,115.38,119.62,115.25,270653,1.84
798,2019-04-16,000021,8.87,9.15,9.16,8.7,113.84,117.43,117.56,111.65,327510,2.23
799,2019-04-17,000021,9.15,9.16,9.33,9.1,117.43,117.56,119.75,116.79,351465,2.39
800,2019-04-18,000021,9.18,8.98,9.19,8.98,117.82,115.25,117.95,115.25,242973,1.65
801,2019-04-19,000021,8.91,8.96,8.97,8.81,114.35,114.99,115.12,113.07,226015,1.54
802,2019-04-22,000021,9.0,8.88,9.11,8.87,115.51,113.96,116.92,113.84,196360,1.34
803,2019-04-23,000021,8.9,8.57,8.91,8.47,114.22,109.98,114.35,108.7,265621,1.81
804,2019-04-24,000021,8.67,8.79,8.84,8.53,111.27,112.81,113.45,109.47,212646,1.45
805,2019-04-25,000021,8.83,8.49,8.97,8.46,113.32,108.95,115.12,108.57,260937,1.78
806,2019-04-26,000021,8.42,8.53,8.69,8.42,108.05,109.47,111.52,108.05,197379,1.34
807,2019-04-29,000021,8.56,8.01,8.62,7.84,109.85,102.78,110.62,100.6,288793,1.97
808,2019-04-30,000021,8.07,8.28,8.35,8.07,103.55,106.25,107.15,103.55,190866,1.3
809,2019-05-06,000021,8.04,7.45,8.09,7.45,103.17,95.59,103.81,95.59,302156,2.06
810,2019-05-07,000021,7.62,7.54,7.67,7.35,97.77,96.74,98.41,94.3,184444,1.26
811,2019-05-08,000021,7.36,7.67,7.92,7.23,94.43,98.41,101.63,92.76,247121,1.68
812,2019-05-09,000021,7.65,7.68,7.93,7.59,98.16,98.54,101.75,97.39,170165,1.16
813,2019-05-10,000021,7.82,8.12,8.13,7.38,100.34,104.2,104.33,94.69,349652,2.38
814,2019-05-13,000021,8.17,8.14,8.34,8.03,104.84,104.45,107.02,103.04,299356,2.04
815,2019-05-14,000021,8.06,7.99,8.26,7.98,103.43,102.53,106.0,102.4,248612,1.69
816,2019-05-15,000021,8.1,8.12,8.17,8.03,103.94,104.2,104.84,103.04,186036,1.27
817,2019-05-16,000021,8.11,8.04,8.11,7.98,104.07,103.17,104.07,102.4,162583,1.11
818,2019-05-17,000021,8.07,7.96,8.24,7.91,103.55,102.14,105.74,101.5,255102,1.74
819,2019-05-20,000021,8.19,8.76,8.76,8.06,105.1,112.42,112.42,103.43,779471,5.3
820,2019-05-21,000021,8.78,8.83,9.15,8.41,112.68,113.32,117.43,107.92,842043,5.73
821,2019-05-22,000021,8.69,9.02,9.08,8.63,111.52,115.76,116.54,110.75,635411,4.32
822,2019-05-23,000021,8.98,8.71,9.01,8.68,115.25,111.78,115.64,111.39,410716,2.8
823,2019-05-24,000021,8.53,8.19,8.7,8.17,109.47,105.1,111.65,104.84,369267,2.51
824,2019-05-27,000021,8.25,8.8,8.9,8.16,105.87,112.94,114.22,104.71,455550,3.1
825,2019-05-28,000021,8.74,8.76,8.85,8.63,112.17,112.42,113.58,110.75,367855,2.5
826,2019-05-29,000021,8.66,8.94,9.14,8.66,111.14,114.74,117.31,111.14,538273,3.66
827,2019-05-30,000021,8.83,8.67,8.83,8.5,113.32,111.27,113.32,109.08,342535,2.33
828,2019-05-31,000021,8.66,9.05,9.15,8.63,111.14,116.15,117.43,110.75,589107,4.01
829,2019-06-03,000021,9.15,8.91,9.16,8.76,117.43,114.35,117.56,112.42,500485,3.41
830,2019-06-04,000021,8.82,8.66,8.94,8.59,113.19,111.14,114.74,110.24,294586,2.0
831,2019-06-05,000021,8.8,8.7,8.91,8.67,112.94,111.65,114.35,111.27,267659,1.82
832,2019-06-06,000021,8.62,8.11,8.66,8.05,110.62,104.07,111.14,103.3,392418,2.67
833,2019-06-10,000021,8.11,8.15,8.29,8.11,104.07,104.58,106.38,104.07,174115,1.18
834,2019-06-11,000021,8.16,8.45,8.47,8.01,104.71,108.44,108.7,102.78,281477,1.92
835,2019-06-12,000021,8.39,8.61,8.73,8.35,107.67,110.49,112.04,107.15,319693,2.18
836,2019-06-13,000021,8.6,8.49,8.69,8.42,110.37,108.95,111.52,108.05,213530,1.45
837,2019-06-14,000021,8.52,8.18,8.55,8.15,109.34,104.97,109.72,104.58,208620,1.42
838,2019-06-17,000021,8.15,8.21,8.26,8.11,104.58,105.35,106.0,104.07,92227,0.63
839,2019-06-18,000021,8.21,8.11,8.23,8.07,105.35,104.07,105.61,103.55,103095,0.7
840,2019-06-19,000021,8.3,8.21,8.4,8.2,106.51,105.35,107.8,105.23,188161,1.28
841,2019-06-20,000021,8.21,8.36,8.42,8.15,105.35,107.28,108.05,104.58,199232,1.36
842,2019-06-21,000021,8.49,8.46,8.51,8.37,108.95,108.57,109.21,107.41,225398,1.53
843,2019-06-24,000021,8.52,8.45,8.65,8.41,109.34,108.44,111.01,107.92,161957,1.1
844,2019-06-25,000021,8.43,8.3,8.48,8.13,108.18,106.51,108.82,104.33,192904,1.31
845,2019-06-26,000021,8.23,8.32,8.43,8.17,105.61,106.77,108.18,104.84,126754,0.86
846,2019-06-27,000021,8.31,8.28,8.39,8.23,107.92,107.54,108.95,106.9,179649,1.22
847,2019-06-28,000021,8.17,8.13,8.24,8.09,106.12,105.61,107.02,105.1,147689,1.01
848,2019-07-01,000021,8.35,8.48,8.53,8.28,108.44,110.11,110.75,107.54,292875,1.99
849,2019-07-02,000021,8.49,8.33,8.52,8.3,110.24,108.18,110.62,107.8,181576,1.24
850,2019-07-03,000021,8.32,8.2,8.32,8.15,108.05,106.51,108.05,105.87,147631,1.0
851,2019-07-04,000021,8.2,8.19,8.26,8.12,106.51,106.38,107.28,105.48,98237,0.67
852,2019-07-05,000021,8.17,8.2,8.23,8.13,106.12,106.51,106.9,105.61,76746,0.52
853,2019-07-08,000021,8.17,7.84,8.19,7.81,106.12,101.88,106.38,101.5,167663,1.14
854,2019-07-09,000021,7.84,7.72,7.88,7.62,101.88,100.34,102.4,99.06,132142,0.9
855,2019-07-10,000021,7.74,7.73,7.83,7.69,100.6,100.47,101.75,99.96,80531,0.55
856,2019-07-11,000021,7.81,7.67,7.81,7.65,101.5,99.7,101.5,99.44,70347,0.48
857,2019-07-12,000021,7.68,7.74,7.77,7.64,99.83,100.6,100.98,99.31,63496,0.43
858,2019-07-15,000021,7.72,7.87,7.98,7.58,100.34,102.27,103.68,98.54,102203,0.7
859,2019-07-16,000021,7.88,7.94,7.95,7.81,102.4,103.17,103.3,101.5,84051,0.57
860,2019-07-17,000021,7.84,8.13,8.22,7.84,101.88,105.61,106.77,101.88,230846,1.57
861,2019-07-18,000021,8.05,7.91,8.06,7.89,104.58,102.78,104.71,102.53,130812,0.89
862,2019-07-19,000021,7.99,7.97,8.13,7.94,103.81,103.55,105.61,103.17,110213,0.75
863,2019-07-22,000021,7.95,7.74,8.02,7.66,103.3,100.6,104.2,99.57,103729,0.71
864,2019-07-23,000021,7.74,7.81,7.83,7.7,100.6,101.5,101.75,100.08,56412,0.38
865,2019-07-24,000021,7.9,7.94,8.03,7.85,102.65,103.17,104.33,102.01,112291,0.76
866,2019-07-25,000021,7.94,8.07,8.13,7.88,103.17,104.84,105.61,102.4,154125,1.05
867,2019-07-26,000021,8.01,7.97,8.08,7.92,104.07,103.55,104.97,102.91,86685,0.59
868,2019-07-29,000021,8.0,8.02,8.07,7.91,103.94,104.2,104.84,102.78,86955,0.59
869,2019-07-30,000021,8.02,8.08,8.1,7.94,104.2,104.97,105.23,103.17,129059,0.88
870,2019-07-31,000021,8.09,8.16,8.2,8.04,105.1,106.0,106.51,104.45,179479,1.22
871,2019-08-01,000021,8.1,8.08,8.23,8.03,105.23,104.97,106.9,104.33,117137,0.8
872,2019-08-02,000021,7.9,7.9,7.95,7.81,102.65,102.65,103.3,101.5,124549,0.85
873,2019-08-05,000021,7.86,7.93,8.12,7.84,102.14,103.04,105.48,101.88,122700,0.84
874,2019-08-06,000021,7.8,7.67,7.8,7.38,101.37,99.7,101.37,95.97,158636,1.08
875,2019-08-07,000021,7.71,7.55,7.75,7.54,100.21,98.16,100.73,98.03,92388,0.63
876,2019-08-08,000021,7.58,7.55,7.61,7.5,98.54,98.16,98.93,97.51,85020,0.58
877,2019-08-09,000021,7.6,7.39,7.63,7.37,98.8,96.1,99.18,95.84,88815,0.6
878,2019-08-12,000021,7.41,7.66,7.67,7.4,96.36,99.57,99.7,96.23,92061,0.63
879,2019-08-13,000021,7.58,7.71,7.73,7.56,98.54,100.21,100.47,98.28,86028,0.59
880,2019-08-14,000021,7.86,7.91,8.02,7.81,102.14,102.78,104.2,101.5,230786,1.57
881,2019-08-15,000021,7.74,8.14,8.21,7.72,100.6,105.74,106.64,100.34,282291,1.92
882,2019-08-16,000021,8.26,8.8,8.95,8.16,107.28,114.22,116.15,106.0,996023,6.78
883,2019-08-19,000021,9.68,9.68,9.68,9.68,125.53,125.53,125.53,125.53,144937,0.99
884,2019-08-20,000021,10.65,10.65,10.65,10.65,138.0,138.0,138.0,138.0,115691,0.79
885,2019-08-21,000021,10.7,11.72,11.72,10.53,138.64,151.75,151.75,136.46,2320701,15.79
886,2019-08-22,000021,12.19,12.27,12.85,11.79,157.79,158.82,166.27,152.65,2749723,18.71
887,2019-08-23,000021,12.51,12.9,13.1,12.04,161.9,166.92,169.49,155.86,2286084,15.56
888,2019-08-26,000021,12.51,12.91,13.46,12.18,161.9,167.05,174.11,157.66,2050142,13.95
889,2019-08-27,000021,12.61,12.4,13.16,12.3,163.19,160.49,170.26,159.21,1859109,12.65
890,2019-08-28,000021,12.3,11.91,12.38,11.86,159.21,154.19,160.23,153.55,1506608,10.25
891,2019-08-29,000021,11.99,12.03,12.37,11.83,155.22,155.74,160.11,153.16,1396308,9.5
892,2019-08-30,000021,12.07,10.86,12.14,10.83,156.25,140.7,157.15,140.31,1831391,12.46
893,2019-09-02,000021,10.9,11.16,11.19,10.69,141.21,144.55,144.94,138.51,1063751,7.24
894,2019-09-03,000021,11.2,12.28,12.28,11.02,145.07,158.95,158.95,142.75,1864234,12.69
895,2019-09-04,000021,12.41,12.62,13.33,12.31,160.62,163.32,172.44,159.33,2201308,14.98
896,2019-09-05,000021,12.82,13.31,13.88,12.3,165.89,172.19,179.51,159.21,2044450,13.91
897,2019-09-06,000021,13.52,13.57,14.17,12.94,174.89,175.53,183.24,167.43,2148092,14.62
898,2019-09-09,000021,13.5,13.44,13.55,12.93,174.63,173.86,175.27,167.3,1469779,10.0
899,2019-09-10,000021,13.27,13.11,13.48,12.77,171.67,169.62,174.37,165.25,1191558,8.11
900,2019-09-11,000021,13.0,13.1,13.87,12.97,168.2,169.49,179.38,167.82,1221435,8.31
901,2019-09-12,000021,13.01,12.69,13.1,12.47,168.33,164.22,169.49,161.39,943893,6.42
902,2019-09-16,000021,12.7,12.81,13.0,12.43,164.35,165.76,168.2,160.88,779230,5.3
903,2019-09-17,000021,12.69,13.14,13.56,12.55,164.22,170.0,175.4,162.42,1197506,8.15
904,2019-09-18,000021,13.0,12.51,13.04,12.45,168.2,161.9,168.72,161.13,895938,6.1
905,2019-09-19,000021,12.4,12.18,12.41,11.8,160.49,157.66,160.62,152.78,793968,5.4
906,2019-09-20,000021,12.18,12.43,12.64,12.12,157.66,160.88,163.58,156.89,749708,5.1
907,2019-09-23,000021,12.39,12.78,12.83,12.0,160.36,165.37,166.02,155.35,803383,5.47
908,2019-09-24,000021,12.61,12.57,12.96,12.5,163.19,162.68,167.69,161.78,777996,5.29
909,2019-09-25,000021,12.46,12.02,12.79,12.0,161.26,155.61,165.5,155.35,679127,4.62
910,2019-09-26,000021,12.05,10.84,12.12,10.82,155.99,140.44,156.89,140.18,815408,5.55
911,2019-09-27,000021,10.8,11.28,11.4,10.8,139.93,146.1,147.64,139.93,509269,3.47
912,2019-09-30,000021,11.42,11.13,11.47,10.9,147.9,144.17,148.54,141.21,353073,2.4
913,2019-10-08,000021,11.29,10.97,11.37,10.93,146.22,142.11,147.25,141.6,331413,2.26
914,2019-10-09,000021,10.96,11.24,11.34,10.71,141.98,145.58,146.87,138.77,374673,2.55
915,2019-10-10,000021,11.28,11.34,11.45,11.15,146.1,146.87,148.28,144.43,427620,2.91
916,2019-10-11,000021,11.3,11.09,11.31,10.91,146.35,143.65,146.48,141.34,486093,3.31
917,2019-10-14,000021,11.26,11.48,11.65,11.11,145.84,148.67,150.85,143.91,645352,4.39
918,2019-10-15,000021,11.4,11.01,11.41,10.95,147.64,142.63,147.77,141.85,476735,3.24
919,2019-10-16,000021,11.06,10.87,11.09,10.84,143.27,140.83,143.65,140.44,276633,1.88
920,2019-10-17,000021,10.84,10.82,10.95,10.7,140.44,140.18,141.85,138.64,235340,1.6
921,2019-10-18,000021,10.73,10.41,11.07,10.4,139.03,134.91,143.4,134.79,412683,2.81
922,2019-10-21,000021,10.5,10.55,10.61,10.05,136.07,136.71,137.48,130.29,299398,2.04
923,2019-10-22,000021,10.49,10.64,10.68,10.49,135.94,137.87,138.38,135.94,239404,1.63
924,2019-10-23,000021,10.59,10.49,10.76,10.41,137.23,135.94,139.41,134.91,291456,1.98
925,2019-10-24,000021,10.5,10.39,10.52,10.24,136.07,134.66,136.33,132.73,290012,1.97
926,2019-10-25,000021,10.41,10.67,10.75,10.29,134.91,138.26,139.28,133.37,338392,2.3
927,2019-10-28,000021,11.6,11.74,11.74,11.26,150.21,152.01,152.01,145.84,992641,6.76
928,2019-10-29,000021,11.9,11.03,11.9,11.01,154.06,142.88,154.06,142.63,999276,6.8
929,2019-10-30,000021,10.8,10.41,10.8,10.37,139.93,134.91,139.93,134.4,536983,3.65
930,2019-10-31,000021,10.32,10.17,10.67,10.16,133.76,131.83,138.26,131.7,370918,2.52
931,2019-11-01,000021,10.11,10.24,10.28,10.07,131.06,132.73,133.24,130.54,231808,1.58
932,2019-11-04,000021,10.24,10.18,10.36,10.14,132.73,131.96,134.27,131.44,262329,1.79
933,2019-11-05,000021,10.18,10.24,10.29,9.94,131.96,132.73,133.37,128.87,335205,2.28
934,2019-11-06,000021,10.2,10.07,10.32,9.99,132.22,130.54,133.76,129.52,245576,1.67
935,2019-11-07,000021,10.02,10.09,10.16,10.0,129.9,130.8,131.7,129.64,203797,1.39
936,2019-11-08,000021,10.15,10.14,10.35,10.11,131.57,131.44,134.14,131.06,309580,2.11
937,2019-11-11,000021,10.01,9.7,10.08,9.7,129.77,125.79,130.67,125.79,291586,1.98
938,2019-11-12,000021,9.75,9.81,9.83,9.45,126.43,127.2,127.46,122.58,246093,1.67
939,2019-11-13,000021,9.71,9.66,9.78,9.58,125.92,125.27,126.82,124.25,155914,1.06
940,2019-11-14,000021,9.66,9.74,9.82,9.62,125.27,126.3,127.33,124.76,207829,1.41
941,2019-11-15,000021,9.7,9.75,9.83,9.48,125.79,126.43,127.46,122.96,280511,1.91
942,2019-11-18,000021,9.8,10.22,10.36,9.73,127.07,132.47,134.27,126.17,548774,3.73
943,2019-11-19,000021,10.16,10.27,10.28,10.08,131.7,133.11,133.24,130.67,352516,2.4
944,2019-11-20,000021,10.25,10.19,10.38,10.15,132.86,132.09,134.53,131.57,365547,2.49
945,2019-11-21,000021,10.15,10.22,10.25,10.0,131.57,132.47,132.86,129.64,227265,1.55
946,2019-11-22,000021,10.18,9.91,10.32,9.91,131.96,128.49,133.76,128.49,308038,2.1
947,2019-11-25,000021,9.91,9.64,9.99,9.53,128.49,125.02,129.52,123.6,219543,1.49
948,2019-11-26,000021,9.69,9.59,9.76,9.57,125.66,124.38,126.56,124.12,133911,0.91
949,2019-11-27,000021,9.59,9.65,9.76,9.47,124.38,125.15,126.56,122.83,174233,1.19
950,2019-11-28,000021,9.61,9.53,9.67,9.5,124.63,123.6,125.4,123.22,129538,0.88
951,2019-11-29,000021,9.53,9.57,9.58,9.46,123.6,124.12,124.25,122.7,113418,0.77
952,2019-12-02,000021,9.58,9.62,9.69,9.56,124.25,124.76,125.66,123.99,133228,0.91
953,2019-12-03,000021,9.55,10.03,10.03,9.55,123.86,130.03,130.03,123.86,367060,2.5
954,2019-12-04,000021,9.91,10.06,10.1,9.87,128.49,130.42,130.93,127.97,236661,1.61
955,2019-12-05,000021,10.0,10.35,10.49,9.99,129.64,134.14,135.94,129.52,479969,3.27
956,2019-12-06,000021,10.32,10.35,10.45,10.18,133.76,134.14,135.43,131.96,305783,2.08
957,2019-12-09,000021,10.39,10.61,10.83,10.31,134.66,137.48,140.31,133.63,543802,3.7
958,2019-12-10,000021,10.55,10.64,10.75,10.39,136.71,137.87,139.28,134.66,391037,2.66
959,2019-12-11,000021,10.59,10.65,10.79,10.48,137.23,138.0,139.8,135.81,416545,2.83
960,2019-12-12,000021,10.63,10.53,10.72,10.41,137.74,136.46,138.9,134.91,373162,2.54
961,2019-12-13,000021,10.7,10.61,10.78,10.5,138.64,137.48,139.67,136.07,283336,1.93
962,2019-12-16,000021,10.68,11.45,11.67,10.68,138.38,148.28,151.11,138.38,812297,5.53
963,2019-12-17,000021,11.55,11.99,12.16,11.42,149.57,155.22,157.41,147.9,1022136,6.96
964,2019-12-18,000021,11.87,11.69,12.03,11.68,153.68,151.37,155.74,151.24,699890,4.76
965,2019-12-19,000021,11.87,11.84,11.97,11.7,153.68,153.29,154.96,151.49,511245,3.48
966,2019-12-20,000021,11.86,11.65,11.97,11.51,153.55,150.85,154.96,149.05,511638,3.48
967,2019-12-23,000021,11.43,11.05,11.46,11.01,148.02,143.14,148.41,142.63,554362,3.77
968,2019-12-24,000021,11.12,11.19,11.22,10.95,144.04,144.94,145.32,141.85,312782,2.13
969,2019-12-25,000021,11.19,11.92,12.2,11.18,144.94,154.32,157.92,144.81,908169,6.18
970,2019-12-26,000021,11.88,12.14,12.34,11.82,153.81,157.15,159.72,153.04,756423,5.15
971,2019-12-27,000021,12.13,12.53,13.29,12.08,157.02,162.16,171.93,156.38,1053278,7.17
972,2019-12-30,000021,12.46,12.54,12.89,12.16,161.26,162.29,166.79,157.41,745374,5.07
973,2019-12-31,000021,12.52,12.18,12.8,12.16,162.03,157.66,165.63,157.41,588725,4.01
974,2020-01-02,000021,12.4,12.88,13.17,12.23,160.49,166.66,170.39,158.31,822239,5.6
975,2020-01-03,000021,13.0,14.17,14.17,12.81,168.2,183.24,183.24,165.76,1391530,9.47
976,2020-01-06,000021,14.29,14.84,15.45,13.59,184.78,191.85,199.69,175.79,1494689,10.17
977,2020-01-07,000021,14.83,14.64,15.38,14.55,191.72,189.28,198.79,188.12,1047650,7.13
978,2020-01-08,000021,14.66,14.18,14.95,14.15,189.54,183.37,193.26,182.98,939666,6.4
979,2020-01-09,000021,14.42,14.38,14.6,13.95,186.45,185.94,188.77,180.41,721805,4.91
980,2020-01-10,000021,14.38,14.45,14.7,14.1,185.94,186.84,190.05,182.34,688415,4.69
981,2020-01-13,000021,14.32,14.65,14.74,14.02,185.17,189.41,190.57,181.31,659569,4.49
982,2020-01-14,000021,14.72,15.0,15.48,14.67,190.31,193.91,200.08,189.67,1003900,6.83
983,2020-01-15,000021,14.93,14.62,15.08,14.28,193.01,189.02,194.94,184.65,712122,4.85
984,2020-01-16,000021,14.6,14.65,14.9,14.45,188.77,189.41,192.62,186.84,500787,3.41
985,2020-01-17,000021,14.68,14.2,14.77,14.2,189.79,183.63,190.95,183.63,449452,3.06
986,2020-01-20,000021,14.34,14.39,14.56,13.77,185.42,186.07,188.25,178.1,542251,3.69
987,2020-01-21,000021,14.4,14.16,14.64,14.0,186.2,183.11,189.28,181.05,440363,3.0
988,2020-01-22,000021,14.04,15.12,15.35,13.93,181.57,195.45,198.41,180.15,954418,6.5
989,2020-01-23,000021,14.89,14.91,15.89,14.45,192.49,192.75,205.35,186.84,1025551,6.98
990,2020-02-03,000021,13.42,13.42,13.42,13.42,173.6,173.6,173.6,173.6,32418,0.22
991,2020-02-04,000021,12.08,12.9,13.2,12.08,156.38,166.92,170.77,156.38,1000595,6.81
992,2020-02-05,000021,12.91,12.88,13.73,12.76,167.05,166.66,177.58,165.12,844263,5.75
993,2020-02-06,000021,12.88,13.44,13.55,12.8,166.66,173.86,175.27,165.63,729797,4.97
994,2020-02-07,000021,13.38,13.8,13.92,13.0,173.09,178.48,180.03,168.2,922109,6.28
995,2020-02-10,000021,13.83,15.18,15.18,13.83,178.87,196.22,196.22,178.87,1277070,8.69
996,2020-02-11,000021,14.94,14.91,15.12,14.61,193.14,192.75,195.45,188.89,900875,6.13
997,2020-02-12,000021,14.91,16.07,16.2,14.78,192.75,207.66,209.33,191.08,1194034,8.13
998,2020-02-13,000021,16.3,16.52,17.48,16.15,210.62,213.44,225.78,208.69,1315870,8.96
999,2020-02-14,000021,17.0,16.71,17.37,16.5,219.61,215.88,224.37,213.19,971768,6.61
1000,2020-02-17,000021,16.79,18.38,18.38,16.62,216.91,237.35,237.35,214.73,838907,5.71
1001,2020-02-18,000021,19.11,19.42,19.99,18.78,246.73,250.71,258.04,242.49,1247466,8.49
1002,2020-02-19,000021,19.12,19.94,19.95,18.92,246.86,257.4,257.53,244.29,1066723,7.26
1003,2020-02-20,000021,20.05,19.75,20.9,18.96,258.81,254.96,269.74,244.8,1133220,7.71
1004,2020-02-21,000021,19.5,21.4,21.6,19.39,251.74,276.16,278.73,250.33,1161593,7.91
1005,2020-02-24,000021,22.0,22.9,22.98,21.0,283.87,295.44,296.47,271.02,1309442,8.91
1006,2020-02-25,000021,21.79,22.54,23.5,20.61,281.18,290.81,303.15,266.01,1264573,8.61
1007,2020-02-26,000021,21.61,20.29,22.0,20.29,278.86,261.9,283.87,261.9,1042064,7.09
1008,2020-02-27,000021,20.32,19.25,20.6,19.0,262.28,248.53,265.88,245.32,928234,6.32
1009,2020-02-28,000021,17.97,17.41,18.28,17.33,232.08,224.88,236.06,223.85,1135692,7.73
1010,2020-03-02,000021,18.01,18.86,19.15,17.56,232.59,243.52,247.24,226.81,1114613,7.59
1011,2020-03-03,000021,19.31,19.24,20.32,18.99,249.3,248.4,262.28,245.19,1019265,6.94
1012,2020-03-04,000021,19.06,18.96,19.63,18.18,246.09,244.8,253.41,234.78,726444,4.94
1013,2020-03-05,000021,19.53,18.86,19.63,18.37,252.13,243.52,253.41,237.22,677879,4.61
1014,2020-03-06,000021,18.54,18.77,19.25,18.16,239.4,242.36,248.53,234.52,545354,3.71
1015,2020-03-09,000021,18.08,16.96,18.27,16.91,233.49,219.1,235.93,218.46,731034,4.98
1016,2020-03-10,000021,16.88,18.32,18.36,16.68,218.07,236.58,237.09,215.5,772758,5.26
1017,2020-03-11,000021,18.4,17.31,18.53,17.28,237.61,223.6,239.28,223.21,692061,4.71
1018,2020-03-12,000021,16.94,17.19,17.64,16.86,218.84,222.05,227.84,217.81,437439,2.98
1019,2020-03-13,000021,16.01,17.76,18.13,16.01,206.89,229.38,234.14,206.89,705131,4.8
1020,2020-03-16,000021,17.97,16.57,18.01,16.18,232.08,214.09,232.59,209.07,602135,4.1
1021,2020-03-17,000021,17.16,17.02,17.26,16.1,221.67,219.87,222.95,208.04,515102,3.51
1022,2020-03-18,000021,17.3,18.19,18.72,17.18,223.47,234.91,241.72,221.93,1427981,9.72
1023,2020-03-19,000021,18.49,19.52,19.56,18.1,238.76,252.0,252.51,233.75,1375719,9.36
1024,2020-03-20,000021,19.78,19.4,20.08,18.84,255.34,250.46,259.2,243.26,922627,6.28
1025,2020-03-23,000021,18.8,17.88,19.59,17.69,242.75,230.92,252.9,228.48,867960,5.91
1026,2020-03-24,000021,18.55,18.62,18.95,17.08,239.53,240.43,244.67,220.64,739539,5.03
1027,2020-03-25,000021,19.23,18.64,19.26,18.18,248.27,240.69,248.66,234.78,665305,4.53
1028,2020-03-26,000021,18.37,17.82,18.65,17.81,237.22,230.15,240.82,230.02,472619,3.22
1029,2020-03-27,000021,18.35,18.54,19.45,18.18,236.96,239.4,251.1,234.78,854233,5.81
1030,2020-03-30,000021,18.19,18.22,19.34,18.02,234.91,235.29,249.69,232.72,881170,6.0
1031,2020-03-31,000021,18.49,17.2,18.57,16.96,238.76,222.18,239.79,219.1,838844,5.71
1032,2020-04-01,000021,16.78,17.34,17.73,16.78,216.78,223.98,228.99,216.78,455448,3.1
1033,2020-04-02,000021,17.15,18.65,18.65,17.1,221.54,240.82,240.82,220.9,717317,4.88
1034,2020-04-03,000021,19.21,20.52,20.52,19.11,248.02,264.85,264.85,246.73,1513982,10.3
1035,2020-04-07,000021,21.57,22.57,22.57,21.28,278.35,291.2,291.2,274.62,1477494,10.06
1036,2020-04-08,000021,21.99,20.4,22.28,20.31,283.75,263.31,287.47,262.15,1664853,11.33
1037,2020-04-09,000021,20.51,21.0,21.19,20.0,264.72,271.02,273.46,258.17,1090512,7.42
1038,2020-04-10,000021,20.55,19.38,20.65,19.03,265.24,250.2,266.52,245.7,922564,6.28
1039,2020-04-13,000021,18.89,19.68,19.97,18.61,243.9,254.06,257.78,240.3,641814,4.37
1040,2020-04-14,000021,19.59,19.82,19.95,19.33,252.9,255.86,257.53,249.56,574727,3.91
1041,2020-04-15,000021,19.79,20.11,20.6,19.25,255.47,259.58,265.88,248.53,796633,5.42
1042,2020-04-16,000021,19.6,19.85,20.06,19.4,253.03,256.24,258.94,250.46,470913,3.2
1043,2020-04-17,000021,20.06,20.62,21.6,19.94,258.94,266.14,278.73,257.4,1050644,7.15
1044,2020-04-20,000021,20.61,20.65,21.11,20.34,266.01,266.52,272.44,262.54,708651,4.82
1045,2020-04-21,000021,20.31,19.89,20.47,19.67,262.15,256.76,264.21,253.93,641587,4.37
1046,2020-04-22,000021,19.59,19.87,19.94,19.49,252.9,256.5,257.4,251.61,439583,2.99
1047,2020-04-23,000021,19.8,19.22,20.15,19.17,255.6,248.14,260.1,247.5,500808,3.41
1048,2020-04-24,000021,19.31,19.36,19.82,19.21,249.3,249.94,255.86,248.02,400637,2.73
1049,2020-04-27,000021,19.3,18.8,19.45,18.51,249.17,242.75,251.1,239.02,357034,2.43
1050,2020-04-28,000021,18.79,19.05,19.56,17.56,242.62,245.96,252.51,226.81,487519,3.32
1051,2020-04-29,000021,18.89,18.63,19.27,18.6,243.9,240.56,248.79,240.18,272030,1.85
1052,2020-04-30,000021,19.09,20.3,20.39,19.09,246.47,262.03,263.18,246.47,744928,5.07
1053,2020-05-06,000021,20.09,20.9,21.3,19.93,259.33,269.74,274.88,257.27,741655,5.05
1054,2020-05-07,000021,20.9,20.3,21.04,20.27,269.74,262.03,271.54,261.64,479431,3.26
1055,2020-05-08,000021,20.61,20.77,21.28,20.11,266.01,268.07,274.62,259.58,671866,4.57
1056,2020-05-11,000021,20.79,20.61,21.08,20.3,268.32,266.01,272.05,262.03,445222,3.03
1057,2020-05-12,000021,20.38,22.67,22.67,20.21,263.05,292.49,292.49,260.87,921991,6.27
1058,2020-05-13,000021,22.67,22.76,23.97,22.17,292.49,293.64,309.19,286.06,1089460,7.41
1059,2020-05-14,000021,22.43,24.15,24.98,22.22,289.4,311.51,322.17,286.7,1222112,8.32
1060,2020-05-15,000021,24.06,25.29,26.19,23.88,310.35,326.16,337.73,308.04,1195817,8.14
1061,2020-05-18,000021,25.8,22.91,25.88,22.76,332.71,295.57,333.74,293.64,1295029,8.81
1062,2020-05-19,000021,23.55,23.9,24.1,22.76,303.8,308.29,310.86,293.64,841308,5.73
1063,2020-05-20,000021,23.52,22.83,23.86,22.54,303.41,294.54,307.78,290.81,747980,5.09
1064,2020-05-21,000021,22.8,22.1,23.11,21.91,294.16,285.16,298.14,282.72,613682,4.18
1065,2020-05-22,000021,22.09,22.81,23.23,21.96,285.03,294.28,299.68,283.36,771443,5.25
1066,2020-05-25,000021,22.34,23.18,23.24,21.8,288.24,299.04,299.81,281.3,578764,3.94
1067,2020-05-26,000021,23.29,23.62,24.16,22.9,300.45,304.7,311.64,295.44,747823,5.09
1068,2020-05-27,000021,23.34,22.6,23.61,22.55,301.1,291.59,304.57,290.94,572785,3.9
1069,2020-05-28,000021,22.7,22.5,23.04,21.75,292.87,290.3,297.24,280.66,513443,3.49
1070,2020-05-29,000021,22.15,22.51,22.7,21.93,285.8,290.43,292.87,282.97,390839,2.66
1071,2020-06-01,000021,22.7,23.37,23.87,22.57,292.87,301.48,307.91,291.2,637192,4.34
1072,2020-06-02,000021,23.45,24.05,24.55,23.06,302.51,310.22,316.65,297.5,744913,5.07
1073,2020-06-03,000021,24.05,23.88,24.96,23.59,310.22,308.04,321.92,304.31,738489,5.03
1074,2020-06-04,000021,23.88,24.3,24.77,23.72,308.04,313.43,319.48,305.98,556920,3.79
1075,2020-06-05,000021,24.3,24.28,24.85,23.92,313.43,313.18,320.5,308.55,473678,3.22
1076,2020-06-08,000021,24.4,23.38,24.85,23.36,314.72,301.61,320.5,301.35,610919,4.16
1077,2020-06-09,000021,23.31,23.51,23.83,22.8,300.71,303.28,307.39,294.16,383083,2.61
1078,2020-06-10,000021,23.46,23.33,23.53,22.8,302.64,300.97,303.54,294.16,371238,2.53
1079,2020-06-11,000021,23.13,23.37,23.88,23.13,298.4,301.48,308.04,298.4,394015,2.68
1080,2020-06-12,000021,22.7,23.0,23.27,22.6,292.87,296.73,300.2,291.59,364950,2.48
1081,2020-06-15,000021,22.8,22.42,23.27,22.3,294.16,289.27,300.2,287.73,408204,2.78
1082,2020-06-16,000021,22.7,22.73,23.14,22.3,292.87,293.26,298.53,287.73,349507,2.38
1083,2020-06-17,000021,22.9,22.52,22.92,22.1,295.44,290.56,295.7,285.16,351991,2.4
1084,2020-06-18,000021,22.55,22.95,23.1,22.3,291.71,296.86,298.78,288.5,422633,2.88
1085,2020-06-19,000021,23.03,23.34,23.77,22.78,297.88,301.87,307.39,294.67,473115,3.22
1086,2020-06-22,000021,23.81,23.62,24.02,23.41,307.91,305.47,310.61,302.77,589792,4.01
1087,2020-06-23,000021,23.51,23.28,23.72,23.12,304.05,301.1,306.75,299.04,359230,2.44
1088,2020-06-24,000021,23.3,23.71,23.78,22.68,301.35,306.62,307.52,293.39,471716,3.21
1089,2020-06-29,000021,23.5,22.97,23.65,22.8,303.92,297.11,305.85,294.93,383632,2.61
1090,2020-06-30,000021,22.22,21.83,22.53,21.28,287.47,282.46,291.46,275.39,990586,6.74
1091,2020-07-01,000021,21.8,21.9,22.16,21.47,282.07,283.36,286.7,277.83,564950,3.85
1092,2020-07-02,000021,21.97,22.67,23.09,21.7,284.26,293.26,298.65,280.79,727911,4.96
1093,2020-07-03,000021,22.6,22.77,23.05,22.34,292.36,294.54,298.14,289.02,526204,3.58
1094,2020-07-06,000021,23.0,25.05,25.05,23.0,297.5,323.85,323.85,297.5,761896,5.19
1095,2020-07-07,000021,26.4,26.22,27.39,25.83,341.2,338.88,353.92,333.87,1331876,9.07
1096,2020-07-08,000021,26.23,27.88,28.18,26.23,339.01,360.22,364.07,339.01,1061346,7.22
1097,2020-07-09,000021,27.86,27.66,28.4,27.01,359.96,357.39,366.9,349.04,1083968,7.38
1098,2020-07-10,000021,27.5,28.05,28.84,27.01,355.33,362.4,372.56,349.04,1070780,7.29
1099,2020-07-13,000021,28.33,28.51,28.88,27.69,366.0,368.31,373.07,357.78,1026648,6.99
1100,2020-07-14,000021,28.52,27.47,28.6,26.3,368.44,354.95,369.47,339.91,1051096,7.16
1101,2020-07-15,000021,27.47,25.8,27.8,25.6,354.95,333.48,359.19,330.91,791616,5.39
1102,2020-07-16,000021,25.71,23.73,26.19,23.52,332.33,306.88,338.5,304.18,777812,5.29
1103,2020-07-17,000021,23.8,24.2,24.52,23.44,307.78,312.92,317.03,303.15,575835,3.92
1104,2020-07-20,000021,24.45,24.7,24.74,23.81,316.13,319.35,319.86,307.91,550034,3.74
1105,2020-07-21,000021,24.7,24.32,24.88,24.06,319.35,314.46,321.66,311.12,400083,2.72
1106,2020-07-22,000021,24.3,25.51,25.92,24.0,314.21,329.76,335.03,310.35,836777,5.7
1107,2020-07-23,000021,25.12,24.8,25.39,24.01,324.74,320.63,328.22,310.48,568230,3.87
1108,2020-07-24,000021,24.5,23.4,24.89,23.06,316.78,302.64,321.79,298.27,499259,3.4
1109,2020-07-27,000021,23.5,23.8,24.25,23.4,303.92,307.78,313.56,302.64,286415,1.95
1110,2020-07-28,000021,24.0,24.04,24.35,23.56,310.35,310.86,314.85,304.7,277074,1.89
1111,2020-07-29,000021,24.0,24.92,24.95,23.85,310.35,322.17,322.56,308.42,432863,2.95
1112,2020-07-30,000021,24.84,24.47,24.84,24.24,321.15,316.39,321.15,313.43,353972,2.41
1113,2020-07-31,000021,24.52,25.27,25.33,24.47,317.03,326.67,327.44,316.39,611023,4.16
1114,2020-08-03,000021,25.4,26.2,26.39,25.06,328.34,338.63,341.07,323.97,850232,5.79
1115,2020-08-04,000021,26.33,25.57,26.33,25.35,340.3,330.53,340.3,327.7,538753,3.67
1116,2020-08-05,000021,26.2,25.97,26.66,25.68,338.63,335.67,344.54,331.94,583197,3.97
1117,2020-08-06,000021,25.94,27.13,27.65,25.58,335.28,350.58,357.26,330.66,877342,5.97
1118,2020-08-07,000021,26.6,25.75,26.87,25.4,343.77,332.84,347.24,328.34,592852,4.04
1119,2020-08-10,000021,25.4,25.49,26.21,25.15,328.34,329.5,338.75,325.13,396809,2.7
1120,2020-08-11,000021,25.5,24.5,25.82,24.45,329.63,316.78,333.74,316.13,358321,2.44
1121,2020-08-12,000021,24.32,25.27,25.27,24.02,314.46,326.67,326.67,310.61,400718,2.73
1122,2020-08-13,000021,25.22,24.84,25.57,24.75,326.03,321.15,330.53,319.99,271476,1.85
1123,2020-08-14,000021,24.88,25.23,25.29,24.85,321.66,326.16,326.93,321.27,209020,1.42
1124,2020-08-17,000021,25.31,25.97,26.15,25.23,327.19,335.67,337.98,326.16,396316,2.7
1125,2020-08-18,000021,26.0,26.75,27.28,26.0,336.06,345.69,352.51,336.06,608091,4.14
1126,2020-08-19,000021,26.31,26.08,26.6,25.88,340.04,337.08,343.77,334.51,352844,2.4
1127,2020-08-20,000021,25.98,26.79,27.25,25.63,335.8,346.21,352.12,331.3,662515,4.51
1128,2020-08-21,000021,27.0,26.4,27.0,25.98,348.91,341.2,348.91,335.8,416101,2.83
1129,2020-08-24,000021,26.42,26.53,26.89,25.71,341.45,342.87,347.49,332.33,372707,2.54
1130,2020-08-25,000021,26.45,25.51,26.53,25.5,341.84,329.76,342.87,329.63,363987,2.48
1131,2020-08-26,000021,25.56,24.7,25.73,24.61,330.4,319.35,332.58,318.19,328206,2.23
1132,2020-08-27,000021,24.78,25.28,25.44,24.69,320.38,326.8,328.86,319.22,217423,1.48
1133,2020-08-28,000021,25.18,26.48,26.5,24.88,325.52,342.22,342.48,321.66,497765,3.39
1134,2020-08-31,000021,26.0,25.45,26.16,25.36,336.06,328.99,338.11,327.83,424503,2.89
1135,2020-09-01,000021,25.32,25.45,25.8,25.15,327.32,328.99,333.48,325.13,203594,1.39
1136,2020-09-02,000021,25.48,25.34,25.56,24.88,329.37,327.57,330.4,321.66,219993,1.5
1137,2020-09-03,000021,25.4,25.11,25.5,25.0,328.34,324.62,329.63,323.2,159755,1.09
1138,2020-09-04,000021,24.6,25.09,25.28,24.5,318.06,324.36,326.8,316.78,210581,1.43
1139,2020-09-07,000021,25.09,23.28,25.3,22.85,324.36,301.1,327.06,295.57,541312,3.68
1140,2020-09-08,000021,23.4,21.9,23.4,21.45,302.64,283.36,302.64,277.58,503981,3.43
1141,2020-09-09,000021,21.49,20.5,21.6,20.5,278.09,265.37,279.5,265.37,417775,2.84
1142,2020-09-10,000021,21.0,20.51,21.17,20.35,271.79,265.5,273.98,263.44,255812,1.74
1143,2020-09-11,000021,20.35,21.12,21.17,20.35,263.44,273.34,273.98,263.44,194989,1.33
1144,2020-09-14,000021,21.37,21.11,21.62,20.85,276.55,273.21,279.76,269.87,200710,1.37
1145,2020-09-15,000021,21.1,21.18,21.31,20.83,273.08,274.11,275.78,269.61,139393,0.95
1146,2020-09-16,000021,21.16,20.75,21.17,20.58,273.85,268.58,273.98,266.39,139150,0.95
1147,2020-09-17,000021,20.83,21.04,21.26,20.52,269.61,272.31,275.13,265.62,176093,1.2
1148,2020-09-18,000021,20.87,21.42,21.48,20.85,270.12,277.19,277.96,269.87,178852,1.22
1149,2020-09-21,000021,21.55,21.59,22.2,21.42,278.86,279.38,287.22,277.19,230325,1.57
1150,2020-09-22,000021,21.26,21.52,21.85,21.22,275.13,278.48,282.72,274.62,140102,0.95
1151,2020-09-23,000021,21.48,22.09,22.09,21.47,277.96,285.8,285.8,277.83,187949,1.28
1152,2020-09-24,000021,21.92,21.56,22.0,21.5,283.62,278.99,284.65,278.22,154850,1.05
1153,2020-09-25,000021,21.65,21.2,21.88,20.9,280.15,274.36,283.1,270.51,193439,1.32
1154,2020-09-28,000021,21.09,19.28,21.13,19.18,272.95,249.69,273.46,248.4,435942,2.97
1155,2020-09-29,000021,19.48,20.78,20.96,19.38,252.26,268.97,271.28,250.97,395420,2.69
1156,2020-09-30,000021,20.9,20.64,20.91,20.34,270.51,267.17,270.64,263.31,171337,1.17
1157,2020-10-09,000021,21.12,21.57,21.69,21.05,273.34,279.12,280.66,272.44,190627,1.3
1158,2020-10-12,000021,22.2,23.16,23.49,22.2,287.22,299.55,303.8,287.22,498803,3.4
1159,2020-10-13,000021,23.23,23.2,23.3,22.6,300.45,300.07,301.35,292.36,275623,1.88
1160,2020-10-14,000021,23.31,22.8,23.88,22.71,301.48,294.93,308.81,293.77,328330,2.24
1161,2020-10-15,000021,23.08,23.04,23.47,22.7,298.53,298.01,303.54,293.64,249250,1.7
1162,2020-10-16,000021,22.91,23.33,23.8,22.9,296.34,301.74,307.78,296.21,367065,2.5
1163,2020-10-19,000021,23.99,22.24,23.99,21.79,310.22,287.73,310.22,281.95,444878,3.03
1164,2020-10-20,000021,22.3,22.67,22.67,21.95,288.5,293.26,293.26,284.0,201505,1.37
1165,2020-10-21,000021,22.68,22.47,22.86,22.24,293.39,290.69,295.7,287.73,166806,1.14
1166,2020-10-22,000021,22.46,22.44,22.67,22.23,290.56,290.3,293.26,287.6,153219,1.04
1167,2020-10-23,000021,22.45,21.8,22.64,21.73,290.43,282.07,292.87,281.18,154415,1.05
1168,2020-10-26,000021,21.8,21.89,22.16,21.38,282.07,283.23,286.7,276.68,101693,0.69
1169,2020-10-27,000021,21.82,21.77,22.02,21.67,282.33,281.69,284.9,280.4,85013,0.58
1170,2020-10-28,000021,21.77,21.83,22.06,21.19,281.69,282.46,285.42,274.23,160361,1.09
1171,2020-10-29,000021,21.7,21.61,21.88,21.27,280.79,279.63,283.1,275.26,131212,0.89
1172,2020-10-30,000021,20.8,21.19,22.0,20.8,269.22,274.23,284.65,269.22,215291,1.47
1173,2020-11-02,000021,21.15,21.3,21.48,20.53,273.72,275.65,277.96,265.75,181980,1.24
1174,2020-11-03,000021,21.26,21.48,21.95,21.1,275.13,277.96,284.0,273.08,191628,1.3
1175,2020-11-04,000021,21.5,21.28,21.68,21.15,278.22,275.39,280.53,273.72,132593,0.9
1176,2020-11-05,000021,21.61,21.89,22.66,21.48,279.63,283.23,293.13,277.96,365520,2.49
1177,2020-11-06,000021,21.59,21.7,21.81,21.33,279.38,280.79,282.2,276.03,233860,1.59
1178,2020-11-09,000021,21.95,22.94,23.3,21.95,284.0,296.73,301.35,284.0,613765,4.18
1179,2020-11-10,000021,22.85,22.2,22.85,22.03,295.57,287.22,295.57,285.03,364266,2.48
1180,2020-11-11,000021,22.1,21.49,22.18,21.44,285.93,278.09,286.96,277.45,202990,1.38
1181,2020-11-12,000021,21.69,21.43,21.88,21.29,280.66,277.32,283.1,275.52,117955,0.8
1182,2020-11-13,000021,21.4,21.6,21.6,21.09,276.93,279.5,279.5,272.95,120264,0.82
1183,2020-11-16,000021,21.61,21.44,21.67,21.31,279.63,277.45,280.4,275.78,98946,0.67
1184,2020-11-17,000021,21.35,20.93,21.44,20.38,276.29,270.89,277.45,263.82,231332,1.57
1185,2020-11-18,000021,20.98,20.64,21.04,20.6,271.54,267.17,272.31,266.65,115498,0.79
1186,2020-11-19,000021,20.51,20.64,20.82,20.23,265.5,267.17,269.48,261.9,104920,0.71
1187,2020-11-20,000021,20.6,20.7,20.82,20.51,266.65,267.94,269.48,265.5,99945,0.68
1188,2020-11-23,000021,20.69,20.47,20.69,20.23,267.81,264.98,267.81,261.9,148501,1.01
1189,2020-11-24,000021,20.5,20.56,20.98,20.5,265.37,266.14,271.54,265.37,140325,0.96
1190,2020-11-25,000021,20.54,20.13,20.6,20.08,265.88,260.61,266.65,259.97,165708,1.13
1191,2020-11-26,000021,20.13,20.11,20.3,20.01,260.61,260.35,262.8,259.07,94394,0.64
1192,2020-11-27,000021,20.09,20.25,20.37,19.96,260.1,262.15,263.7,258.43,114438,0.78
1193,2020-11-30,000021,20.7,20.57,20.88,20.43,267.94,266.27,270.25,264.47,218273,1.49
1194,2020-12-01,000021,20.46,20.69,20.74,20.3,264.85,267.81,268.45,262.8,143765,0.98
1195,2020-12-02,000021,20.63,21.03,21.15,20.63,267.04,272.18,273.72,267.04,213648,1.45
1196,2020-12-03,000021,21.8,21.22,21.98,21.15,282.07,274.62,284.39,273.72,277391,1.89
1197,2020-12-04,000021,21.12,21.35,21.69,21.12,273.34,276.29,280.66,273.34,184899,1.26
1198,2020-12-07,000021,21.6,21.18,21.8,21.15,279.5,274.11,282.07,273.72,170214,1.16
1199,2020-12-08,000021,21.16,20.97,21.34,20.85,273.85,271.41,276.16,269.87,152733,1.04
1200,2020-12-09,000021,20.95,20.38,20.97,20.35,271.15,263.82,271.41,263.44,154136,1.05
1201,2020-12-10,000021,20.31,20.46,20.69,20.19,262.92,264.85,267.81,261.38,111752,0.76
1202,2020-12-11,000021,20.39,20.68,20.7,20.14,263.95,267.68,267.94,260.74,155948,1.06
1203,2020-12-14,000021,20.58,20.55,20.68,20.33,266.39,266.01,267.68,263.18,107568,0.73
1204,2020-12-15,000021,20.47,20.62,20.95,20.45,264.98,266.91,271.15,264.72,111072,0.76
1205,2020-12-16,000021,20.57,20.03,20.63,19.98,266.27,259.33,267.04,258.68,159410,1.09
1206,2020-12-17,000021,20.01,20.11,20.13,19.45,259.07,260.35,260.61,251.87,129631,0.88
1207,2020-12-18,000021,20.68,20.26,20.68,19.86,267.68,262.28,267.68,257.14,117675,0.8
1208,2020-12-21,000021,20.12,20.35,20.56,19.91,260.48,263.44,266.14,257.78,147568,1.0
1209,2020-12-22,000021,20.15,19.6,20.15,19.58,260.87,253.8,260.87,253.54,190385,1.3
1210,2020-12-23,000021,19.53,19.63,19.68,19.01,252.9,254.19,254.83,246.22,186761,1.27
1211,2020-12-24,000021,19.45,18.86,19.62,18.76,251.87,244.29,254.06,243.0,145347,0.99
1212,2020-12-25,000021,18.95,18.71,19.11,18.61,245.45,242.36,247.5,241.08,125298,0.85
1213,2020-12-28,000021,18.5,18.12,18.5,17.68,239.66,234.78,239.66,229.12,171538,1.17
1214,2020-12-29,000021,18.08,18.4,18.75,18.0,234.26,238.38,242.87,233.24,147827,1.01
1215,2020-12-30,000021,18.38,18.38,18.48,18.12,238.12,238.12,239.4,234.78,115167,0.78
1216,2020-12-31,000021,18.41,19.01,19.05,18.2,238.51,246.22,246.73,235.81,175751,1.2
1217,2021-01-04,000021,19.11,19.42,19.6,18.88,247.5,251.49,253.8,244.55,227860,1.55
1218,2021-01-05,000021,19.35,19.68,19.82,19.1,250.59,254.83,256.63,247.37,229813,1.56
1219,2021-01-06,000021,19.7,19.27,19.82,19.1,255.08,249.56,256.63,247.37,172656,1.17
1220,2021-01-07,000021,19.08,18.82,19.24,18.56,247.12,243.77,249.17,240.43,176013,1.2
1221,2021-01-08,000021,18.83,19.36,19.6,18.83,243.9,250.71,253.8,243.9,187983,1.28
1222,2021-01-11,000021,19.26,19.23,19.75,19.06,249.43,249.04,255.73,246.86,188082,1.28
1223,2021-01-12,000021,19.1,19.3,19.38,18.91,247.37,249.94,250.97,244.93,126198,0.86
1224,2021-01-13,000021,19.26,19.65,19.8,18.94,249.43,254.44,256.37,245.32,288314,1.96
1225,2021-01-14,000021,19.55,20.2,20.38,19.27,253.16,261.51,263.82,249.56,430379,2.93
1226,2021-01-15,000021,20.1,19.45,20.25,19.31,260.23,251.87,262.15,250.07,268049,1.82
1227,2021-01-18,000021,19.31,20.01,20.39,19.01,250.07,259.07,263.95,246.22,292761,1.99
1228,2021-01-19,000021,20.0,20.88,22.01,19.73,258.94,270.25,284.77,255.47,550221,3.74
1229,2021-01-20,000021,20.2,20.47,20.64,20.05,261.51,264.98,267.17,259.58,317341,2.16
1230,2021-01-21,000021,20.46,20.2,20.49,20.02,264.85,261.51,265.24,259.2,251526,1.71
1231,2021-01-22,000021,20.25,19.63,20.39,19.41,262.15,254.19,263.95,251.36,253934,1.73
1232,2021-01-25,000021,19.64,20.99,21.1,19.15,254.31,271.66,273.08,248.02,519174,3.53
1233,2021-01-26,000021,20.55,20.11,20.92,19.95,266.01,260.35,270.76,258.3,269707,1.83
1234,2021-01-27,000021,20.14,20.23,20.86,20.14,260.74,261.9,269.99,260.74,219205,1.49
1235,2021-01-28,000021,19.99,20.33,20.98,19.9,258.81,263.18,271.54,257.66,329397,2.24
1236,2021-01-29,000021,20.74,20.68,20.96,20.3,268.45,267.68,271.28,262.8,307030,2.09
1237,2021-02-01,000021,20.49,20.49,20.74,20.01,265.24,265.24,268.45,259.07,251398,1.71
1238,2021-02-02,000021,20.68,20.94,21.13,20.32,267.68,271.02,273.46,263.05,349807,2.38
1239,2021-02-03,000021,21.05,20.7,21.72,20.65,272.44,267.94,281.05,267.29,492795,3.35
1240,2021-02-04,000021,20.2,19.88,20.79,19.23,261.51,257.4,269.09,249.04,419576,2.85
1241,2021-02-05,000021,19.8,18.73,19.82,18.67,256.37,242.62,256.63,241.85,281514,1.91
1242,2021-02-08,000021,18.73,18.98,19.27,18.51,242.62,245.83,249.56,239.79,132152,0.9
1243,2021-02-09,000021,19.06,19.58,19.68,19.02,246.86,253.54,254.83,246.35,184575,1.26
1244,2021-02-10,000021,19.8,19.44,19.8,19.25,256.37,251.74,256.37,249.3,200739,1.36
1245,2021-02-18,000021,19.92,21.38,21.38,19.8,257.91,276.68,276.68,256.37,610667,4.15
1246,2021-02-19,000021,21.35,21.76,21.89,21.2,276.29,281.56,283.23,274.36,646723,4.4
1247,2021-02-22,000021,21.81,21.63,22.58,21.55,282.2,279.89,292.1,278.86,529761,3.6
1248,2021-02-23,000021,21.13,21.27,21.57,21.03,273.46,275.26,279.12,272.18,313657,2.13
1249,2021-02-24,000021,21.17,21.39,22.12,20.99,273.98,276.81,286.19,271.66,444138,3.02
1250,2021-02-25,000021,21.79,21.06,21.79,20.95,281.95,272.56,281.95,271.15,245430,1.67
1251,2021-02-26,000021,20.62,20.7,21.03,20.32,266.91,267.94,272.18,263.05,215721,1.47
1252,2021-03-01,000021,20.8,21.45,21.47,20.8,269.22,277.58,277.83,269.22,251532,1.71
1253,2021-03-02,000021,21.49,21.98,22.07,21.32,278.09,284.39,285.55,275.91,334714,2.28
1254,2021-03-03,000021,21.95,21.81,21.95,21.23,284.0,282.2,284.0,274.75,251699,1.71
1255,2021-03-04,000021,21.52,21.53,22.2,21.42,278.48,278.6,287.22,277.19,268970,1.83
1256,2021-03-05,000021,21.31,22.24,22.28,21.18,275.78,287.73,288.24,274.11,370388,2.52
1257,2021-03-08,000021,22.45,21.46,23.01,21.4,290.43,277.71,297.63,276.93,551777,3.75
1258,2021-03-09,000021,21.0,20.9,21.6,20.5,271.79,270.51,279.5,265.37,322814,2.2
1259,2021-03-10,000021,21.3,19.85,21.35,19.57,275.65,257.01,276.29,253.41,357045,2.43
1260,2021-03-11,000021,19.71,20.12,20.49,19.5,255.21,260.48,265.24,252.51,196449,1.34
1261,2021-03-12,000021,20.3,20.3,20.59,19.94,262.8,262.8,266.52,258.17,189568,1.29
1262,2021-03-15,000021,20.04,19.58,20.07,19.23,259.45,253.54,259.84,249.04,228454,1.55
1263,2021-03-16,000021,19.54,19.59,19.71,19.32,253.03,253.67,255.21,250.2,117828,0.8
1264,2021-03-17,000021,19.57,19.63,19.84,19.25,253.41,254.19,256.88,249.3,127375,0.87
1265,2021-03-18,000021,19.65,19.38,19.74,19.37,254.44,250.97,255.6,250.84,124533,0.85
1266,2021-03-19,000021,19.0,19.1,19.3,18.82,246.09,247.37,249.94,243.77,130340,0.89
1267,2021-03-22,000021,19.0,19.43,19.48,19.0,246.09,251.61,252.26,246.09,107539,0.73
1268,2021-03-23,000021,19.49,19.43,19.69,19.24,252.39,251.61,254.96,249.17,100964,0.69
1269,2021-03-24,000021,19.33,19.54,19.58,19.29,250.33,253.03,253.54,249.82,98202,0.67
1270,2021-03-25,000021,19.55,19.6,19.99,19.5,253.16,253.8,258.81,252.51,127285,0.87
1271,2021-03-26,000021,19.51,19.79,19.88,19.51,252.64,256.24,257.4,252.64,104936,0.71
1272,2021-03-29,000021,19.84,19.32,19.86,19.25,256.88,250.2,257.14,249.3,141685,0.96
1273,2021-03-30,000021,19.3,19.26,19.46,19.17,249.94,249.43,252.0,248.27,97547,0.66
1274,2021-03-31,000021,19.27,19.13,19.35,18.94,249.56,247.76,250.59,245.32,97585,0.66
1275,2021-04-01,000021,19.26,19.49,19.61,19.2,249.43,252.39,253.93,248.66,120732,0.82
1276,2021-04-02,000021,19.51,20.14,20.18,19.44,252.64,260.74,261.25,251.74,240438,1.63
1277,2021-04-06,000021,20.26,19.88,20.26,19.76,262.28,257.4,262.28,255.86,154851,1.05
1278,2021-04-07,000021,19.89,19.73,19.96,19.64,257.53,255.47,258.43,254.31,123957,0.84
1279,2021-04-08,000021,19.8,19.63,19.93,19.61,256.37,254.19,258.04,253.93,103767,0.71
1280,2021-04-09,000021,19.6,19.35,19.75,19.19,253.8,250.59,255.73,248.53,138147,0.94
1281,2021-04-12,000021,19.36,19.22,19.64,19.15,250.71,248.92,254.31,248.02,130731,0.89
1282,2021-04-13,000021,19.25,19.29,19.55,19.18,249.3,249.82,253.16,248.4,94869,0.65
1283,2021-04-14,000021,19.35,19.28,19.36,19.19,250.59,249.69,250.71,248.53,84268,0.57
1284,2021-04-15,000021,19.4,18.71,19.41,18.69,251.23,242.36,251.36,242.1,193708,1.32
1285,2021-04-16,000021,18.75,18.47,18.85,18.47,242.87,239.28,244.16,239.28,223312,1.52
1286,2021-04-19,000021,18.5,18.73,18.85,18.5,239.66,242.62,244.16,239.66,246682,1.68
1287,2021-04-20,000021,18.68,18.77,19.34,18.48,241.98,243.13,250.46,239.4,354496,2.41
1288,2021-04-21,000021,18.75,18.51,18.77,18.47,242.87,239.79,243.13,239.28,191047,1.3
1289,2021-04-22,000021,18.6,18.69,19.1,18.54,240.95,242.1,247.37,240.18,216255,1.47
1290,2021-04-23,000021,18.73,18.55,18.8,18.41,242.62,240.3,243.52,238.51,177839,1.21
1291,2021-04-26,000021,18.62,18.68,18.96,18.6,241.2,241.98,245.57,240.95,206109,1.4
1292,2021-04-27,000021,18.87,18.26,18.92,18.18,244.42,236.58,245.06,235.55,164163,1.12
1293,2021-04-28,000021,18.26,18.12,18.3,17.95,236.58,234.78,237.09,232.59,144475,0.98
1294,2021-04-29,000021,18.11,18.12,18.29,18.02,234.65,234.78,236.96,233.49,127904,0.87
1295,2021-04-30,000021,17.85,17.27,17.86,16.8,231.31,223.85,231.44,217.81,322145,2.19
1296,2021-05-06,000021,17.3,16.95,17.3,16.86,224.24,219.74,224.24,218.58,174425,1.19
1297,2021-05-07,000021,16.9,16.84,17.05,16.75,219.1,218.33,221.03,217.17,141890,0.96
1298,2021-05-10,000021,16.84,16.28,16.88,16.2,218.33,211.13,218.84,210.1,200897,1.37
1299,2021-05-11,000021,16.06,16.99,17.05,16.0,208.3,220.25,221.03,207.53,210782,1.43
1300,2021-05-12,000021,16.85,16.92,17.1,16.7,218.46,219.35,221.67,216.53,138429,0.94
1301,2021-05-13,000021,16.7,16.8,17.1,16.59,216.53,217.81,221.67,215.11,108762,0.74
1302,2021-05-14,000021,16.91,17.14,17.25,16.83,219.23,222.18,223.6,218.2,147508,1.0
1303,2021-05-17,000021,17.29,17.13,17.47,17.05,224.11,222.05,226.42,221.03,136889,0.93
1304,2021-05-18,000021,17.0,17.56,17.78,17.0,220.38,227.58,230.41,220.38,216176,1.47
1305,2021-05-19,000021,17.58,17.6,17.95,17.5,227.84,228.09,232.59,226.81,178717,1.22
1306,2021-05-20,000021,17.54,17.33,17.72,17.11,227.32,224.62,229.64,221.8,170816,1.16
1307,2021-05-21,000021,17.47,17.1,17.57,17.09,226.42,221.67,227.71,221.54,128384,0.87
1308,2021-05-24,000021,17.0,17.37,17.43,17.0,220.38,225.14,225.91,220.38,130252,0.89
1309,2021-05-25,000021,17.47,17.73,17.91,17.28,226.42,229.77,232.08,223.98,195362,1.33
1310,2021-05-26,000021,17.72,17.57,17.87,17.5,229.64,227.71,231.56,226.81,148764,1.01
1311,2021-05-27,000021,17.5,18.29,18.41,17.45,226.81,236.96,238.51,226.17,312789,2.13
1312,2021-05-28,000021,18.16,18.01,18.38,17.85,235.29,233.36,238.12,231.31,212765,1.45
1313,2021-05-31,000021,18.08,17.95,18.29,17.75,234.26,232.59,236.96,230.02,197255,1.34
1314,2021-06-01,000021,17.95,17.79,18.14,17.65,232.59,230.54,235.03,228.74,208488,1.42
1315,2021-06-02,000021,17.9,17.3,17.95,17.25,231.95,224.24,232.59,223.6,224851,1.53
1316,2021-06-03,000021,17.38,17.36,17.81,17.1,225.27,225.01,230.79,221.67,167825,1.14
1317,2021-06-04,000021,17.34,17.41,17.66,17.22,224.75,225.65,228.87,223.21,135841,0.92
1318,2021-06-07,000021,17.62,17.88,18.03,17.62,228.35,231.69,233.62,228.35,253886,1.73
1319,2021-06-08,000021,17.89,18.0,18.08,17.62,231.82,233.24,234.26,228.35,234093,1.59
1320,2021-06-09,000021,17.84,17.92,18.07,17.78,231.18,232.21,234.14,230.41,148639,1.01
1321,2021-06-10,000021,17.77,18.35,18.5,17.68,232.34,239.79,241.72,231.18,369123,2.51
1322,2021-06-11,000021,18.54,18.1,18.55,17.85,242.23,236.58,242.36,233.36,306812,2.09
1323,2021-06-15,000021,18.09,17.91,18.23,17.78,236.45,234.14,238.25,232.46,215507,1.47
1324,2021-06-16,000021,18.0,17.32,18.1,17.3,235.29,226.55,236.58,226.3,182425,1.24
1325,2021-06-17,000021,17.28,18.3,18.35,17.27,226.04,239.15,239.79,225.91,353242,2.4
1326,2021-06-18,000021,18.31,18.18,18.55,18.1,239.28,237.61,242.36,236.58,238976,1.62
1327,2021-06-21,000021,18.18,17.97,18.19,17.8,237.61,234.91,237.73,232.72,228810,1.56
1328,2021-06-22,000021,18.05,17.8,18.09,17.69,235.93,232.72,236.45,231.31,168754,1.15
1329,2021-06-23,000021,17.83,18.55,18.73,17.74,233.11,242.36,244.67,231.95,427776,2.91
1330,2021-06-24,000021,18.54,18.01,18.54,17.9,242.23,235.42,242.23,234.01,275702,1.87
1331,2021-06-25,000021,18.01,18.19,18.47,17.92,235.42,237.73,241.33,234.26,270313,1.84
1332,2021-06-28,000021,18.2,19.1,19.28,18.18,237.86,249.43,251.74,237.61,564620,3.84
1333,2021-06-29,000021,18.72,18.52,18.84,18.39,244.55,241.98,246.09,240.3,370398,2.52
1334,2021-06-30,000021,18.6,19.14,19.39,18.5,243.0,249.94,253.16,241.72,525394,3.57
1335,2021-07-01,000021,19.09,18.83,19.48,18.78,249.3,245.96,254.31,245.32,412951,2.81
1336,2021-07-02,000021,18.65,18.33,18.99,18.21,243.65,239.53,248.02,237.99,318625,2.17
1337,2021-07-05,000021,18.34,18.7,18.71,18.2,239.66,244.29,244.42,237.86,255273,1.74
1338,2021-07-06,000021,18.64,18.25,18.64,18.08,243.52,238.51,243.52,236.32,270377,1.84
1339,2021-07-07,000021,18.09,18.04,18.1,17.65,236.45,235.81,236.58,230.79,270237,1.84
1340,2021-07-08,000021,17.97,18.25,18.44,17.89,234.91,238.51,240.95,233.88,262451,1.78
1341,2021-07-09,000021,18.11,17.87,18.13,17.62,236.71,233.62,236.96,230.41,237276,1.61
1342,2021-07-12,000021,17.91,18.27,18.31,17.84,234.14,238.76,239.28,233.24,273825,1.86
1343,2021-07-13,000021,18.23,17.93,18.41,17.83,238.25,234.39,240.56,233.11,286638,1.95
1344,2021-07-14,000021,17.8,17.35,17.9,17.33,232.72,226.94,234.01,226.68,281851,1.92
1345,2021-07-15,000021,17.36,17.25,17.47,16.96,227.07,225.65,228.48,221.93,197900,1.35
1346,2021-07-16,000021,17.22,17.17,17.4,17.13,225.27,224.62,227.58,224.11,143204,0.97
1347,2021-07-19,000021,17.1,17.04,17.18,16.89,223.72,222.95,224.75,221.03,140506,0.96
1348,2021-07-20,000021,16.9,17.19,17.22,16.86,221.15,224.88,225.27,220.64,112582,0.77
1349,2021-07-21,000021,17.25,17.2,17.36,17.08,225.65,225.01,227.07,223.47,159093,1.08
1350,2021-07-22,000021,17.14,17.3,17.33,17.0,224.24,226.3,226.68,222.44,188869,1.28
1351,2021-07-23,000021,17.32,16.83,17.33,16.8,226.55,220.25,226.68,219.87,246314,1.67
1352,2021-07-26,000021,16.86,16.99,17.09,16.6,220.64,222.31,223.6,217.3,169298,1.15
1353,2021-07-27,000021,17.08,17.55,18.25,17.02,223.47,229.51,238.51,222.7,610595,4.15
1354,2021-07-28,000021,17.44,17.27,17.69,16.8,228.09,225.91,231.31,219.87,316284,2.15
1355,2021-07-29,000021,17.48,17.84,18.08,17.38,228.61,233.24,236.32,227.32,431248,2.93
1356,2021-07-30,000021,17.7,18.43,18.68,17.6,231.44,240.82,244.03,230.15,576749,3.92
1357,2021-08-02,000021,18.4,18.47,18.8,18.16,240.43,241.33,245.57,237.35,442457,3.01
1358,2021-08-03,000021,18.3,17.76,18.37,17.75,239.15,232.21,240.05,232.08,392650,2.67
1359,2021-08-04,000021,17.74,17.91,18.06,17.7,231.95,234.14,236.06,231.44,257506,1.75
1360,2021-08-05,000021,17.78,17.42,17.78,17.34,232.46,227.84,232.46,226.81,275432,1.87
1361,2021-08-06,000021,17.51,17.64,17.79,17.3,228.99,230.67,232.59,226.3,211405,1.44
1362,2021-08-09,000021,17.39,17.42,17.6,17.21,227.45,227.84,230.15,225.14,166986,1.14
1363,2021-08-10,000021,17.45,17.5,17.69,17.31,228.22,228.87,231.31,226.42,176445,1.2
1364,2021-08-11,000021,17.4,17.3,17.48,17.25,227.58,226.3,228.61,225.65,180082,1.22
1365,2021-08-12,000021,17.19,17.38,17.46,17.16,224.88,227.32,228.35,224.5,156055,1.06
1366,2021-08-13,000021,17.34,17.1,17.34,17.08,226.81,223.72,226.81,223.47,174773,1.19
1367,2021-08-16,000021,17.11,17.18,17.27,16.98,223.85,224.75,225.91,222.18,118600,0.81
1368,2021-08-17,000021,17.18,16.83,17.22,16.79,224.75,220.25,225.27,219.74,180898,1.23
1369,2021-08-18,000021,16.75,16.89,16.94,16.7,219.23,221.03,221.67,218.58,104025,0.71
1370,2021-08-19,000021,16.85,16.96,17.14,16.76,220.51,221.93,224.24,219.35,101799,0.69
1371,2021-08-20,000021,16.94,17.3,17.31,16.8,221.67,226.3,226.42,219.87,173033,1.18
1372,2021-08-23,000021,17.39,17.26,17.39,17.15,227.45,225.78,227.45,224.37,151745,1.03
1373,2021-08-24,000021,17.19,17.13,17.27,17.05,224.88,224.11,225.91,223.08,167382,1.14
1374,2021-08-25,000021,17.11,17.1,17.25,17.08,223.85,223.72,225.65,223.47,130259,0.89
1375,2021-08-26,000021,16.74,16.67,16.97,16.59,219.1,218.2,222.05,217.17,278134,1.89
1376,2021-08-27,000021,16.74,16.2,16.74,16.13,219.1,212.16,219.1,211.26,255106,1.73
1377,2021-08-30,000021,16.1,16.23,16.48,16.06,210.87,212.54,215.76,210.36,163770,1.11
1378,2021-08-31,000021,16.16,15.95,16.29,15.79,211.64,208.94,213.31,206.89,184615,1.26
1379,2021-09-01,000021,15.9,16.1,16.19,15.68,208.3,210.87,212.03,205.47,185497,1.26
1380,2021-09-02,000021,16.05,15.89,16.09,15.78,210.23,208.17,210.74,206.76,155783,1.06
1381,2021-09-03,000021,15.88,16.12,16.32,15.81,208.04,211.13,213.7,207.15,165260,1.12
1382,2021-09-06,000021,16.22,16.35,16.43,16.02,212.41,214.09,215.11,209.84,151613,1.03
1383,2021-09-07,000021,16.38,16.36,16.4,16.26,214.47,214.21,214.73,212.93,106256,0.72
1384,2021-09-08,000021,16.36,16.31,16.39,16.24,214.21,213.57,214.6,212.67,119256,0.81
1385,2021-09-09,000021,16.28,16.12,16.28,16.04,213.19,211.13,213.19,210.1,134565,0.91
1386,2021-09-10,000021,16.05,16.33,16.44,16.05,210.23,213.83,215.24,210.23,178481,1.21
1387,2021-09-13,000021,16.27,16.06,16.29,15.96,213.06,210.36,213.31,209.07,165578,1.13
1388,2021-09-14,000021,16.06,15.98,16.22,15.95,210.36,209.33,212.41,208.94,133983,0.91
1389,2021-09-15,000021,15.95,15.83,15.96,15.8,208.94,207.4,209.07,207.02,100291,0.68
1390,2021-09-16,000021,15.77,15.5,15.9,15.5,206.63,203.16,208.3,203.16,134568,0.92
1391,2021-09-17,000021,15.5,15.12,15.55,15.02,203.16,198.28,203.8,196.99,161612,1.1
1392,2021-09-22,000021,15.0,14.88,15.03,14.82,196.73,195.19,197.12,194.42,100068,0.68
1393,2021-09-23,000021,14.91,15.12,15.26,14.91,195.58,198.28,200.08,195.58,99112,0.67
1394,2021-09-24,000021,15.08,14.65,15.14,14.56,197.76,192.24,198.53,191.08,152355,1.04
1395,2021-09-27,000021,14.68,14.54,14.91,14.46,192.62,190.82,195.58,189.79,111486,0.76
1396,2021-09-28,000021,14.51,14.57,14.63,14.47,190.44,191.21,191.98,189.92,77375,0.53
1397,2021-09-29,000021,14.48,14.06,14.48,13.8,190.05,184.65,190.05,181.31,188382,1.28
1398,2021-09-30,000021,14.03,14.05,14.22,13.98,184.27,184.52,186.71,183.63,84323,0.57
1399,2021-10-08,000021,14.23,14.72,15.13,14.12,186.84,193.14,198.41,185.42,168192,1.14
1400,2021-10-11,000021,14.7,14.9,14.95,14.6,192.88,195.45,196.09,191.59,115520,0.79
1401,2021-10-12,000021,14.92,14.8,14.93,14.71,195.71,194.16,195.83,193.01,79455,0.54
1402,2021-10-13,000021,14.9,14.97,15.1,14.78,195.45,196.35,198.02,193.91,84218,0.57
1403,2021-10-14,000021,15.01,14.79,15.05,14.73,196.86,194.04,197.38,193.26,74769,0.51
1404,2021-10-15,000021,14.79,14.78,14.94,14.63,194.04,193.91,195.96,191.98,78212,0.53
1405,2021-10-18,000021,14.7,14.5,14.77,14.44,192.88,190.31,193.78,189.54,90982,0.62
1406,2021-10-19,000021,14.46,14.55,14.64,14.45,189.79,190.95,192.11,189.67,62904,0.43
1407,2021-10-20,000021,14.57,14.55,14.75,14.52,191.21,190.95,193.52,190.57,57553,0.39
1408,2021-10-21,000021,14.57,14.37,14.57,14.34,191.21,188.64,191.21,188.25,61708,0.42
1409,2021-10-22,000021,14.36,14.54,14.72,14.34,188.51,190.82,193.14,188.25,85206,0.58
1410,2021-10-25,000021,14.54,14.39,14.61,14.31,190.82,188.89,191.72,187.87,76942,0.52
1411,2021-10-26,000021,14.4,14.7,14.73,14.33,189.02,192.88,193.26,188.12,116954,0.8
1412,2021-10-27,000021,14.68,14.17,14.69,14.15,192.62,186.07,192.75,185.81,106708,0.73
1413,2021-10-28,000021,14.18,14.26,14.48,14.18,186.2,187.22,190.05,186.2,71656,0.49
1414,2021-10-29,000021,14.26,14.8,14.88,14.22,187.22,194.16,195.19,186.71,161606,1.1
1415,2021-11-01,000021,14.7,14.73,14.8,14.51,192.88,193.26,194.16,190.44,111465,0.76
1416,2021-11-02,000021,14.73,15.05,15.15,14.73,193.26,197.38,198.66,193.26,209601,1.43
1417,2021-11-03,000021,15.0,15.09,15.25,14.86,196.73,197.89,199.95,194.94,146779,1.0
1418,2021-11-04,000021,15.09,15.23,15.32,15.01,197.89,199.69,200.85,196.86,137713,0.94
1419,2021-11-05,000021,15.26,16.75,16.75,15.26,200.08,219.23,219.23,200.08,839241,5.71
1420,2021-11-08,000021,16.5,15.99,16.65,15.66,216.01,209.46,217.94,205.22,697000,4.74
1421,2021-11-09,000021,15.8,16.08,16.22,15.75,207.02,210.62,212.41,206.37,352480,2.4
1422,2021-11-10,000021,15.92,15.94,16.08,15.69,208.56,208.82,210.62,205.6,243617,1.66
1423,2021-11-11,000021,15.8,15.92,16.15,15.66,207.02,208.56,211.51,205.22,268838,1.83
1424,2021-11-12,000021,15.85,16.02,16.05,15.76,207.66,209.84,210.23,206.5,189165,1.29
1425,2021-11-15,000021,16.03,15.91,16.28,15.85,209.97,208.43,213.19,207.66,190168,1.29
1426,2021-11-16,000021,15.89,15.42,16.02,15.4,208.17,202.13,209.84,201.88,221431,1.51
1427,2021-11-17,000021,15.39,15.55,15.67,15.37,201.75,203.8,205.35,201.49,124574,0.85
1428,2021-11-18,000021,15.54,15.61,15.85,15.49,203.67,204.57,207.66,203.03,149496,1.02
1429,2021-11-19,000021,15.51,15.68,15.73,15.44,203.29,205.47,206.12,202.39,143472,0.98
1430,2021-11-22,000021,15.62,15.95,15.99,15.62,204.7,208.94,209.46,204.7,193271,1.24
1431,2021-11-23,000021,15.94,15.85,16.2,15.73,208.82,207.66,212.16,206.12,217452,1.39
1432,2021-11-24,000021,15.85,15.75,15.92,15.67,207.66,206.37,208.56,205.35,140033,0.9
1433,2021-11-25,000021,15.72,15.89,16.05,15.65,205.99,208.17,210.23,205.09,161779,1.04
1434,2021-11-26,000021,15.8,15.61,15.93,15.6,207.02,204.57,208.69,204.45,128406,0.82
1435,2021-11-29,000021,15.45,15.31,15.67,15.29,202.52,200.72,205.35,200.46,127639,0.82
1436,2021-11-30,000021,15.4,15.45,15.59,15.38,201.88,202.52,204.32,201.62,117999,0.76
1437,2021-12-01,000021,15.43,15.62,15.76,15.39,202.26,204.7,206.5,201.75,109126,0.7
1438,2021-12-02,000021,15.54,15.43,15.66,15.39,203.67,202.26,205.22,201.75,104634,0.67
1439,2021-12-03,000021,15.43,15.56,15.69,15.43,202.26,203.93,205.6,202.26,106244,0.68
1440,2021-12-06,000021,15.55,15.95,16.08,15.48,203.8,208.94,210.62,202.9,294833,1.89
1441,2021-12-07,000021,15.95,16.0,16.25,15.85,208.94,209.59,212.8,207.66,228402,1.46
1442,2021-12-08,000021,15.95,16.25,16.3,15.95,208.94,212.8,213.44,208.94,236732,1.52
1443,2021-12-09,000021,16.28,16.16,16.39,16.06,213.19,211.64,214.6,210.36,230479,1.48
1444,2021-12-10,000021,16.1,16.2,16.24,16.1,210.87,212.16,212.67,210.87,170795,1.09
1445,2021-12-13,000021,16.25,16.13,16.34,16.03,212.8,211.26,213.96,209.97,167182,1.07
1446,2021-12-14,000021,16.13,16.16,16.19,15.9,211.26,211.64,212.03,208.3,159010,1.02
1447,2021-12-15,000021,16.1,16.51,16.73,16.08,210.87,216.14,218.97,210.62,318675,2.04
1448,2021-12-16,000021,16.56,16.5,16.73,16.4,216.78,216.01,218.97,214.73,168514,1.08
1449,2021-12-17,000021,16.51,16.81,17.17,16.5,216.14,220.0,224.62,216.01,302227,1.94
1450,2021-12-20,000021,16.8,16.04,16.83,16.0,219.87,210.1,220.25,209.59,285565,1.83
1451,2021-12-21,000021,15.99,16.53,16.77,15.99,209.46,216.4,219.48,209.46,240263,1.54
1452,2021-12-22,000021,16.65,16.36,16.67,16.34,217.94,214.21,218.2,213.96,157812,1.01
1453,2021-12-23,000021,16.36,16.25,16.6,16.2,214.21,212.8,217.3,212.16,138917,0.89
1454,2021-12-24,000021,16.26,15.98,16.33,15.91,212.93,209.33,213.83,208.43,181746,1.17
1455,2021-12-27,000021,16.04,15.85,16.08,15.78,210.1,207.66,210.62,206.76,119343,0.77
1456,2021-12-28,000021,15.85,16.06,16.15,15.84,207.66,210.36,211.51,207.53,106759,0.68
1457,2021-12-29,000021,16.02,15.81,16.02,15.76,209.84,207.15,209.84,206.5,94963,0.61
1458,2021-12-30,000021,15.72,15.84,15.95,15.72,205.99,207.53,208.94,205.99,91562,0.59
1459,2021-12-31,000021,15.94,15.84,15.95,15.79,208.82,207.53,208.94,206.89,98409,0.63
1460,2022-01-04,000021,15.8,16.13,16.29,15.79,207.02,211.26,213.31,206.89,180095,1.15
1461,2022-01-05,000021,16.2,15.82,16.2,15.78,212.16,207.27,212.16,206.76,154647,0.99
1462,2022-01-06,000021,15.75,15.77,15.94,15.65,206.37,206.63,208.82,205.09,102312,0.66
1463,2022-01-07,000021,15.8,15.57,15.94,15.5,207.02,204.06,208.82,203.16,107181,0.69
1464,2022-01-10,000021,15.58,15.47,15.6,15.13,204.19,202.78,204.45,198.41,118365,0.76
1465,2022-01-11,000021,15.41,15.14,15.55,15.08,202.0,198.53,203.8,197.76,118777,0.76
1466,2022-01-12,000021,15.15,15.26,15.3,15.12,198.66,200.08,200.59,198.28,77211,0.49
1467,2022-01-13,000021,15.25,15.02,15.28,15.01,199.95,196.99,200.33,196.86,87486,0.56
1468,2022-01-14,000021,14.93,14.9,15.12,14.87,195.83,195.45,198.28,195.06,75127,0.48
1469,2022-01-17,000021,14.9,15.15,15.22,14.88,195.45,198.66,199.56,195.19,102491,0.66
1470,2022-01-18,000021,15.19,15.13,15.25,15.08,199.18,198.41,199.95,197.76,80715,0.52
1471,2022-01-19,000021,15.09,14.8,15.21,14.71,197.89,194.16,199.43,193.01,135758,0.87
1472,2022-01-20,000021,14.77,14.84,14.91,14.52,193.78,194.68,195.58,190.57,103784,0.67
1473,2022-01-21,000021,14.78,14.88,14.88,14.73,193.91,195.19,195.19,193.26,65629,0.42
1474,2022-01-24,000021,14.88,14.46,14.91,14.36,195.19,189.79,195.58,188.51,105404,0.68
1475,2022-01-25,000021,14.43,13.8,14.48,13.79,189.41,181.31,190.05,181.18,118126,0.76
1476,2022-01-26,000021,13.89,13.76,13.98,13.69,182.47,180.8,183.63,179.9,64561,0.41
1477,2022-01-27,000021,13.91,13.22,13.92,13.19,182.73,173.86,182.85,173.47,115926,0.74
1478,2022-01-28,000021,13.3,13.29,13.49,13.21,174.89,174.76,177.33,173.73,83253,0.53
1479,2022-02-07,000021,13.45,13.51,13.66,13.43,176.81,177.58,179.51,176.56,80654,0.52
1480,2022-02-08,000021,13.55,13.78,13.87,13.48,178.1,181.05,182.21,177.2,74452,0.48
1481,2022-02-09,000021,13.77,13.85,13.9,13.72,180.93,181.95,182.6,180.28,67142,0.43
1482,2022-02-10,000021,13.85,13.81,13.87,13.73,181.95,181.44,182.21,180.41,50690,0.32
1483,2022-02-11,000021,13.76,13.64,13.83,13.6,180.8,179.26,181.7,178.74,62118,0.4
1484,2022-02-14,000021,13.6,13.63,13.71,13.35,178.74,179.13,180.15,175.53,52574,0.34
1485,2022-02-15,000021,13.6,13.64,13.73,13.53,178.74,179.26,180.41,177.84,53463,0.34
1486,2022-02-16,000021,13.75,13.69,13.83,13.64,180.67,179.9,181.7,179.26,50838,0.33
1487,2022-02-17,000021,13.68,13.56,13.71,13.54,179.77,178.23,180.15,177.97,70276,0.45
1488,2022-02-18,000021,13.51,13.64,13.65,13.45,177.58,179.26,179.38,176.81,54482,0.35
1489,2022-02-21,000021,13.63,13.88,13.95,13.6,179.13,182.34,183.24,178.74,108843,0.7
1490,2022-02-22,000021,13.75,13.61,13.78,13.52,180.67,178.87,181.05,177.71,84003,0.54
1491,2022-02-23,000021,13.61,13.93,14.02,13.6,178.87,182.98,184.14,178.74,123336,0.79
1492,2022-02-24,000021,13.82,13.6,13.95,13.41,181.57,178.74,183.24,176.3,134302,0.86
1493,2022-02-25,000021,13.69,13.69,13.9,13.68,179.9,179.9,182.6,179.77,78342,0.5
1494,2022-02-28,000021,13.74,13.62,13.8,13.51,180.54,179.0,181.31,177.58,69318,0.44
1495,2022-03-01,000021,13.6,13.6,13.7,13.53,178.74,178.74,180.03,177.84,62471,0.4
1496,2022-03-02,000021,13.53,13.4,13.55,13.36,177.84,176.17,178.1,175.66,94018,0.6
1497,2022-03-03,000021,13.47,13.24,13.49,13.19,177.07,174.11,177.33,173.47,93449,0.6
1498,2022-03-04,000021,13.19,13.11,13.3,13.06,173.47,172.44,174.89,171.8,88598,0.57
1499,2022-03-07,000021,13.12,12.51,13.13,12.38,172.57,164.73,172.7,163.06,144144,0.92
1500,2022-03-08,000021,12.5,12.12,12.55,12.08,164.6,159.72,165.25,159.21,113899,0.73
1501,2022-03-09,000021,12.18,11.81,12.28,11.35,160.49,155.74,161.78,149.82,152145,0.98
1502,2022-03-10,000021,12.2,11.8,12.23,11.63,160.75,155.61,161.13,153.42,145487,0.93
1503,2022-03-11,000021,11.6,11.88,11.93,11.47,153.04,156.63,157.28,151.37,108483,0.7
1504,2022-03-14,000021,11.86,11.53,11.99,11.52,156.38,152.14,158.05,152.01,84249,0.54
1505,2022-03-15,000021,11.52,10.73,11.52,10.69,152.01,141.85,152.01,141.34,166499,1.07
1506,2022-03-16,000021,10.88,11.18,11.25,10.58,143.78,147.64,148.54,139.93,197381,1.27
1507,2022-03-17,000021,11.36,11.38,11.56,11.23,149.95,150.21,152.52,148.28,143220,0.92
1508,2022-03-18,000021,11.35,11.51,11.56,11.31,149.82,151.88,152.52,149.31,91102,0.58
1509,2022-03-21,000021,11.55,11.66,11.75,11.51,152.39,153.81,154.96,151.88,103760,0.67
1510,2022-03-22,000021,11.61,11.59,11.69,11.46,153.16,152.91,154.19,151.24,69513,0.45
1511,2022-03-23,000021,11.58,11.69,11.74,11.55,152.78,154.19,154.84,152.39,77864,0.5
1512,2022-03-24,000021,11.59,11.47,11.62,11.43,152.91,151.37,153.29,150.85,67907,0.44
1513,2022-03-25,000021,11.57,11.32,11.6,11.31,152.65,149.44,153.04,149.31,61688,0.4
1514,2022-03-28,000021,11.23,11.41,11.5,11.12,148.28,150.59,151.75,146.87,61353,0.39
1515,2022-03-29,000021,11.45,11.15,11.46,11.1,151.11,147.25,151.24,146.61,66537,0.43
1516,2022-03-30,000021,11.27,11.45,11.5,11.2,148.79,151.11,151.75,147.9,93780,0.6
1517,2022-03-31,000021,11.45,11.34,11.47,11.3,151.11,149.69,151.37,149.18,57144,0.37
1518,2022-04-01,000021,11.33,11.29,11.36,11.14,149.57,149.05,149.95,147.12,50304,0.32
1519,2022-04-06,000021,11.28,11.21,11.29,11.12,148.92,148.02,149.05,146.87,65311,0.42
1520,2022-04-07,000021,11.13,10.95,11.32,10.93,147.0,144.68,149.44,144.43,86130,0.55
1521,2022-04-08,000021,10.93,10.81,11.0,10.66,144.43,142.88,145.32,140.95,71393,0.46
1522,2022-04-11,000021,10.81,10.26,10.89,10.22,142.88,135.81,143.91,135.3,90637,0.58
1523,2022-04-12,000021,10.42,10.72,10.76,10.3,137.87,141.73,142.24,136.33,98988,0.63
1524,2022-04-13,000021,10.64,10.64,10.78,10.48,140.7,140.7,142.5,138.64,70079,0.45
1525,2022-04-14,000021,10.72,10.67,10.78,10.54,141.73,141.08,142.5,139.41,64037,0.41
1526,2022-04-15,000021,10.58,10.52,10.64,10.39,139.93,139.16,140.7,137.48,60534,0.39
1527,2022-04-18,000021,10.5,10.63,10.73,10.38,138.9,140.57,141.85,137.36,77510,0.5
1528,2022-04-19,000021,10.6,10.59,10.75,10.52,140.18,140.06,142.11,139.16,43240,0.28
1529,2022-04-20,000021,10.69,10.68,10.92,10.62,141.34,141.21,144.3,140.44,110417,0.71
1530,2022-04-21,000021,10.61,10.41,10.87,10.36,140.31,137.74,143.65,137.1,110347,0.71
1531,2022-04-22,000021,10.4,10.11,10.4,9.9,137.61,133.89,137.61,131.19,136413,0.87
1532,2022-04-25,000021,10.0,9.13,10.01,9.11,132.47,121.29,132.6,121.03,162525,1.04
1533,2022-04-26,000021,9.2,8.82,9.35,8.8,122.19,117.31,124.12,117.05,135182,0.87
1534,2022-04-27,000021,8.69,9.36,9.37,8.67,115.64,124.25,124.38,115.38,143551,0.92
1535,2022-04-28,000021,9.31,9.18,9.43,9.01,123.6,121.93,125.15,119.75,106765,0.68
1536,2022-04-29,000021,9.29,9.75,9.83,9.26,123.35,129.26,130.29,122.96,149792,0.96
1537,2022-05-05,000021,9.72,9.84,10.05,9.69,128.87,130.42,133.11,128.49,128399,0.82
1538,2022-05-06,000021,9.6,10.02,10.35,9.56,127.33,132.73,136.97,126.82,207083,1.33
1539,2022-05-09,000021,9.99,10.05,10.31,9.85,132.34,133.11,136.46,130.54,137394,0.88
1540,2022-05-10,000021,9.88,10.17,10.26,9.87,130.93,134.66,135.81,130.8,163931,1.05
1541,2022-05-11,000021,10.2,10.44,10.76,10.2,135.04,138.13,142.24,135.04,252941,1.62
1542,2022-05-12,000021,10.38,10.68,10.83,10.35,137.36,141.21,143.14,136.97,179481,1.15
1543,2022-05-13,000021,10.75,10.57,10.77,10.46,142.11,139.8,142.37,138.38,131526,0.84
1544,2022-05-16,000021,10.64,10.39,10.64,10.33,140.7,137.48,140.7,136.71,120216,0.77
1545,2022-05-17,000021,10.43,10.51,10.54,10.3,138.0,139.03,139.41,136.33,113818,0.73
1546,2022-05-18,000021,10.56,10.58,10.74,10.53,139.67,139.93,141.98,139.28,117750,0.75
1547,2022-05-19,000021,10.41,10.62,10.63,10.38,137.74,140.44,140.57,137.36,99939,0.64
1548,2022-05-20,000021,10.72,10.74,10.75,10.6,141.73,141.98,142.11,140.18,113652,0.73
1549,2022-05-23,000021,10.75,10.8,10.84,10.63,142.11,142.75,143.27,140.57,95684,0.61
1550,2022-05-24,000021,10.78,10.35,10.87,10.35,142.5,136.97,143.65,136.97,130221,0.83
1551,2022-05-25,000021,10.31,10.49,10.51,10.31,136.46,138.77,139.03,136.46,78992,0.51
1552,2022-05-26,000021,10.49,10.64,10.79,10.35,138.77,140.7,142.63,136.97,116396,0.75
1553,2022-05-27,000021,10.8,10.48,10.82,10.41,142.75,138.64,143.01,137.74,107226,0.69
1554,2022-05-30,000021,10.48,10.7,10.72,10.41,138.64,141.47,141.73,137.74,106925,0.69
1555,2022-05-31,000021,10.78,10.97,11.2,10.56,142.5,144.94,147.9,139.67,290652,1.86
1556,2022-06-01,000021,11.03,11.1,11.18,10.91,145.71,146.61,147.64,144.17,219423,1.41
1557,2022-06-02,000021,11.05,11.13,11.16,10.93,145.97,147.0,147.38,144.43,157897,1.01
1558,2022-06-06,000021,11.12,11.32,11.38,11.1,146.87,149.44,150.21,146.61,229407,1.47
1559,2022-06-07,000021,11.48,11.29,11.81,11.18,151.49,149.05,155.74,147.64,260989,1.67
1560,2022-06-08,000021,11.23,11.14,11.4,10.98,148.28,147.12,150.47,145.07,205540,1.32
1561,2022-06-09,000021,11.11,10.87,11.21,10.78,146.74,143.65,148.02,142.5,168481,1.08
1562,2022-06-10,000021,10.78,11.11,11.13,10.78,142.5,146.74,147.0,142.5,169561,1.09
1563,2022-06-13,000021,10.99,11.1,11.16,10.92,145.2,146.61,147.38,144.3,156847,1.01
1564,2022-06-14,000021,10.96,11.02,11.04,10.6,144.81,145.58,145.84,140.18,156053,1.0
1565,2022-06-15,000021,11.04,11.36,11.72,11.02,145.84,149.95,154.58,145.58,333444,2.14
1566,2022-06-16,000021,11.42,11.34,11.58,11.33,150.72,149.69,152.78,149.57,197647,1.27
1567,2022-06-17,000021,11.19,11.11,11.23,10.85,149.69,148.67,150.21,145.32,183684,1.18
1568,2022-06-20,000021,11.19,11.2,11.38,11.08,149.69,149.82,152.14,148.28,162038,1.04
1569,2022-06-21,000021,11.2,11.21,11.37,11.06,149.82,149.95,152.01,148.02,149860,0.96
1570,2022-06-22,000021,11.15,10.91,11.21,10.89,149.18,146.1,149.95,145.84,135487,0.87
1571,2022-06-23,000021,10.9,11.25,11.25,10.88,145.97,150.47,150.47,145.71,156878,1.01
1572,2022-06-24,000021,11.28,11.49,11.62,11.25,150.85,153.55,155.22,150.47,244554,1.57
1573,2022-06-27,000021,11.49,11.45,11.69,11.35,153.55,153.04,156.12,151.75,190261,1.22
1574,2022-06-28,000021,11.45,11.91,11.91,11.34,153.04,158.95,158.95,151.62,274535,1.76
1575,2022-06-29,000021,11.82,11.68,12.28,11.66,157.79,155.99,163.7,155.74,313913,2.01
1576,2022-06-30,000021,11.68,11.64,11.78,11.48,155.99,155.48,157.28,153.42,208876,1.34
1577,2022-07-01,000021,11.63,11.43,11.66,11.37,155.35,152.78,155.74,152.01,149506,0.96
1578,2022-07-04,000021,11.38,11.3,11.38,11.16,152.14,151.11,152.14,149.31,156850,1.01
1579,2022-07-05,000021,11.32,11.17,11.41,11.04,151.37,149.44,152.52,147.77,154333,0.99
1580,2022-07-06,000021,11.18,11.12,11.3,11.02,149.57,148.79,151.11,147.51,119459,0.77
1581,2022-07-07,000021,11.12,11.15,11.25,11.04,148.79,149.18,150.47,147.77,98368,0.63
1582,2022-07-08,000021,11.19,11.16,11.36,11.11,149.69,149.31,151.88,148.67,141022,0.9
1583,2022-07-11,000021,11.16,10.88,11.16,10.83,149.31,145.71,149.31,145.07,125605,0.81
1584,2022-07-12,000021,10.91,10.7,10.92,10.7,146.1,143.4,146.22,143.4,113764,0.73
1585,2022-07-13,000021,10.76,10.75,10.81,10.66,144.17,144.04,144.81,142.88,81461,0.52
1586,2022-07-14,000021,10.76,10.72,10.83,10.65,144.17,143.65,145.07,142.75,80646,0.52
1587,2022-07-15,000021,10.87,11.66,11.79,10.83,145.58,155.74,157.41,145.07,685189,4.39
1588,2022-07-18,000021,11.6,11.55,11.75,11.46,154.96,154.32,156.89,153.16,435073,2.79
1589,2022-07-19,000021,11.6,12.13,12.18,11.53,154.96,161.78,162.42,154.06,436141,2.8
1590,2022-07-20,000021,12.11,12.16,12.42,12.02,161.52,162.16,165.5,160.36,414314,2.66
1591,2022-07-21,000021,12.16,12.24,12.52,12.08,162.16,163.19,166.79,161.13,347604,2.23
1592,2022-07-22,000021,12.22,12.01,12.39,11.94,162.93,160.23,165.12,159.33,307288,1.97
1593,2022-07-25,000021,12.03,11.73,12.05,11.63,160.49,156.63,160.75,155.35,194117,1.24
1594,2022-07-26,000021,11.74,11.76,11.81,11.67,156.76,157.02,157.66,155.86,142095,0.91
1595,2022-07-27,000021,11.72,11.65,11.78,11.6,156.51,155.61,157.28,154.96,159189,1.02
1596,2022-07-28,000021,11.75,12.0,12.19,11.72,156.89,160.11,162.55,156.51,262935,1.69
1597,2022-07-29,000021,11.99,11.75,12.04,11.74,159.98,156.89,160.62,156.76,151427,0.97
1598,2022-08-01,000021,11.74,12.11,12.15,11.59,156.76,161.52,162.03,154.84,220971,1.42
1599,2022-08-02,000021,11.98,11.6,11.98,11.39,159.85,154.96,159.85,152.27,303064,1.94
1600,2022-08-03,000021,11.7,11.85,12.13,11.7,156.25,158.18,161.78,156.25,329531,2.11
1601,2022-08-04,000021,11.95,12.19,12.3,11.86,159.46,162.55,163.96,158.31,333426,2.14
1602,2022-08-05,000021,12.19,12.85,12.9,12.08,162.55,171.03,171.67,161.13,615121,3.94
1603,2022-08-08,000021,12.7,12.73,12.8,12.44,169.1,169.49,170.39,165.76,395560,2.54
1604,2022-08-09,000021,12.65,12.75,12.76,12.4,168.46,169.74,169.87,165.25,351945,2.26
1605,2022-08-10,000021,12.76,13.0,13.3,12.63,169.87,172.96,176.81,168.2,507047,3.25
1606,2022-08-11,000021,12.95,13.17,13.27,12.86,172.31,175.14,176.43,171.16,464759,2.98
1607,2022-08-12,000021,13.01,13.63,14.39,12.95,173.09,181.05,190.82,172.31,827751,5.31
1608,2022-08-15,000021,13.51,13.86,14.03,13.31,179.51,184.01,186.2,176.94,579172,3.71
1609,2022-08-16,000021,13.68,13.69,13.95,13.56,181.7,181.83,185.17,180.15,361322,2.32
1610,2022-08-17,000021,13.61,13.4,13.71,13.28,180.8,178.1,182.08,176.56,338325,2.17
1611,2022-08-18,000021,13.31,13.72,13.78,13.3,176.94,182.21,182.98,176.81,356568,2.29
1612,2022-08-19,000021,13.75,13.36,13.88,13.36,182.6,177.58,184.27,177.58,260819,1.67
1613,2022-08-22,000021,13.15,13.25,13.46,12.95,174.89,176.17,178.87,172.31,199073,1.28
1614,2022-08-23,000021,13.24,13.46,13.54,13.11,176.04,178.87,179.9,174.37,185985,1.19
1615,2022-08-24,000021,13.4,12.76,13.44,12.73,178.1,169.87,178.61,169.49,281871,1.81
1616,2022-08-25,000021,12.9,12.9,12.93,12.57,171.67,171.67,172.06,167.43,187720,1.2
1617,2022-08-26,000021,12.88,12.45,12.98,12.22,171.42,165.89,172.7,162.93,228142,1.46
1618,2022-08-29,000021,12.2,12.32,12.48,12.1,162.68,164.22,166.27,161.39,136246,0.87
1619,2022-08-30,000021,12.32,12.47,12.67,12.31,164.22,166.15,168.72,164.09,160384,1.03
1620,2022-08-31,000021,12.4,12.19,12.55,12.12,165.25,162.55,167.17,161.65,133270,0.85
1621,2022-09-01,000021,12.25,12.14,12.36,12.05,163.32,161.9,164.73,160.75,110417,0.71
1622,2022-09-02,000021,12.25,12.39,12.42,12.15,163.32,165.12,165.5,162.03,147608,0.95
1623,2022-09-05,000021,12.33,12.33,12.43,12.13,164.35,164.35,165.63,161.78,115559,0.74
1624,2022-09-06,000021,12.37,12.34,12.38,12.15,164.86,164.47,164.99,162.03,160716,1.03
1625,2022-09-07,000021,12.3,12.41,12.56,12.25,163.96,165.37,167.3,163.32,163594,1.05
1626,2022-09-08,000021,12.42,12.15,12.46,12.14,165.5,162.03,166.02,161.9,113857,0.73
1627,2022-09-09,000021,12.15,12.22,12.27,12.1,162.03,162.93,163.58,161.39,83361,0.53
1628,2022-09-13,000021,12.21,12.2,12.38,12.16,162.8,162.68,164.99,162.16,81676,0.52
1629,2022-09-14,000021,11.9,11.69,11.94,11.63,158.82,156.12,159.33,155.35,166983,1.07
1630,2022-09-15,000021,11.8,11.47,11.82,11.3,157.53,153.29,157.79,151.11,129776,0.83
1631,2022-09-16,000021,11.42,11.26,11.6,11.25,152.65,150.59,154.96,150.47,91107,0.58
1632,2022-09-19,000021,11.23,11.11,11.3,11.03,150.21,148.67,151.11,147.64,72159,0.46
1633,2022-09-20,000021,11.25,11.18,11.3,11.12,150.47,149.57,151.11,148.79,60017,0.38
1634,2022-09-21,000021,11.12,11.23,11.29,10.95,148.79,150.21,150.98,146.61,67546,0.43
1635,2022-09-22,000021,11.11,11.15,11.3,11.08,148.67,149.18,151.11,148.28,62858,0.4
1636,2022-09-23,000021,11.12,10.87,11.18,10.78,148.79,145.58,149.57,144.43,97904,0.63
1637,2022-09-26,000021,10.87,10.7,10.93,10.68,145.58,143.4,146.35,143.14,66200,0.42
1638,2022-09-27,000021,10.66,10.97,10.99,10.65,142.88,146.87,147.12,142.75,75713,0.49
1639,2022-09-28,000021,10.96,10.61,10.96,10.61,146.74,142.24,146.74,142.24,83649,0.54
1640,2022-09-29,000021,10.73,10.61,10.79,10.55,143.78,142.24,144.55,141.47,58581,0.38
1641,2022-09-30,000021,10.61,10.5,10.71,10.49,142.24,140.83,143.53,140.7,60457,0.39
1642,2022-10-10,000021,10.52,10.18,10.6,10.15,141.08,136.71,142.11,136.33,74472,0.48
1643,2022-10-11,000021,10.18,10.3,10.34,10.17,136.71,138.26,138.77,136.59,61636,0.4
1644,2022-10-12,000021,10.31,10.82,10.89,10.3,138.38,144.94,145.84,138.26,119905,0.77
1645,2022-10-13,000021,10.76,10.95,11.08,10.75,144.17,146.61,148.28,144.04,116299,0.75
1646,2022-10-14,000021,11.02,11.15,11.18,10.94,147.51,149.18,149.57,146.48,107811,0.69
1647,2022-10-17,000021,11.1,11.41,11.46,11.07,148.54,152.52,153.16,148.15,111351,0.71
1648,2022-10-18,000021,11.5,11.34,11.5,11.2,153.68,151.62,153.68,149.82,96445,0.62
1649,2022-10-19,000021,11.35,11.22,11.43,11.2,151.75,150.08,152.78,149.82,83990,0.54
1650,2022-10-20,000021,11.22,11.44,11.65,11.02,150.08,152.91,155.61,147.51,195314,1.25
1651,2022-10-21,000021,11.41,11.26,11.45,11.21,152.52,150.59,153.04,149.95,99305,0.64
1652,2022-10-24,000021,11.32,11.26,11.57,11.15,151.37,150.59,154.58,149.18,130110,0.83
1653,2022-10-25,000021,11.15,11.1,11.32,11.04,149.18,148.54,151.37,147.77,96426,0.62
1654,2022-10-26,000021,11.11,11.6,11.62,11.1,148.67,154.96,155.22,148.54,170115,1.09
1655,2022-10-27,000021,11.46,11.58,11.76,11.44,153.16,154.71,157.02,152.91,148845,0.95
1656,2022-10-28,000021,11.45,11.1,11.58,11.07,153.04,148.54,154.71,148.15,146229,0.94
1657,2022-10-31,000021,11.2,11.44,11.6,11.13,149.82,152.91,154.96,148.92,149209,0.96
1658,2022-11-01,000021,11.45,11.7,11.7,11.37,153.04,156.25,156.25,152.01,157409,1.01
1659,2022-11-02,000021,11.65,11.68,11.91,11.6,155.61,155.99,158.95,154.96,181504,1.16
1660,2022-11-03,000021,11.57,11.63,11.72,11.42,154.58,155.35,156.51,152.65,141420,0.91
1661,2022-11-04,000021,11.7,11.81,11.87,11.6,156.25,157.66,158.43,154.96,158005,1.01
1662,2022-11-07,000021,11.81,11.69,11.88,11.64,157.66,156.12,158.56,155.48,119825,0.77
1663,2022-11-08,000021,11.73,11.66,11.73,11.53,156.63,155.74,156.63,154.06,85621,0.55
1664,2022-11-09,000021,11.64,11.58,11.67,11.53,155.48,154.71,155.86,154.06,70333,0.45
1665,2022-11-10,000021,11.47,11.38,11.59,11.35,153.29,152.14,154.84,151.75,98453,0.63
1666,2022-11-11,000021,11.63,11.43,11.66,11.42,155.35,152.78,155.74,152.65,118144,0.76
1667,2022-11-14,000021,11.38,11.65,11.91,11.32,152.14,155.61,158.95,151.37,209797,1.34
1668,2022-11-15,000021,11.62,12.05,12.06,11.56,155.22,160.75,160.88,154.45,287402,1.84
1669,2022-11-16,000021,12.03,11.86,12.03,11.77,160.49,158.31,160.49,157.15,175917,1.13
1670,2022-11-17,000021,11.8,12.23,12.27,11.67,157.53,163.06,163.58,155.86,279358,1.79
1671,2022-11-18,000021,12.16,12.33,12.8,12.15,162.16,164.35,170.39,162.03,447280,2.87
1672,2022-11-21,000021,12.28,12.2,12.42,12.02,163.7,162.68,165.5,160.36,182447,1.17
1673,2022-11-22,000021,12.12,12.04,12.34,11.96,161.65,160.62,164.47,159.59,181850,1.17
1674,2022-11-23,000021,12.05,12.07,12.27,11.97,160.75,161.0,163.58,159.72,148128,0.95
1675,2022-11-24,000021,12.14,11.84,12.18,11.8,161.9,158.05,162.42,157.53,145891,0.94
1676,2022-11-25,000021,11.81,11.67,11.89,11.65,157.66,155.86,158.69,155.61,97882,0.63
1677,2022-11-28,000021,11.58,11.49,11.58,11.36,154.71,153.55,154.71,151.88,89444,0.57
1678,2022-11-29,000021,11.47,11.68,11.74,11.47,153.29,155.99,156.76,153.29,100077,0.64
1679,2022-11-30,000021,11.69,11.7,11.78,11.65,156.12,156.25,157.28,155.61,71131,0.46
1680,2022-12-01,000021,11.89,11.8,11.9,11.69,158.69,157.53,158.82,156.12,96840,0.62
1681,2022-12-02,000021,11.8,11.72,11.85,11.69,157.53,156.51,158.18,156.12,86401,0.55
1682,2022-12-05,000021,11.81,12.0,12.07,11.81,157.66,160.11,161.0,157.66,175553,1.13
1683,2022-12-06,000021,11.95,11.92,12.2,11.88,159.46,159.08,162.68,158.56,179445,1.15
1684,2022-12-07,000021,11.85,11.7,11.92,11.67,158.18,156.25,159.08,155.86,157008,1.01
1685,2022-12-08,000021,11.7,11.52,11.71,11.48,156.25,153.94,156.38,153.42,161601,1.04
1686,2022-12-09,000021,11.52,11.29,11.57,11.23,153.94,150.98,154.58,150.21,232661,1.49
1687,2022-12-12,000021,11.3,11.56,11.63,11.27,151.11,154.45,155.35,150.72,203145,1.3
1688,2022-12-13,000021,11.49,11.3,11.56,11.26,153.55,151.11,154.45,150.59,134108,0.86
1689,2022-12-14,000021,11.56,11.32,11.6,11.29,154.45,151.37,154.96,150.98,130010,0.83
1690,2022-12-15,000021,11.22,11.44,11.64,11.16,150.08,152.91,155.48,149.31,156691,1.0
1691,2022-12-16,000021,11.31,11.23,11.43,11.2,151.24,150.21,152.78,149.82,94352,0.6
1692,2022-12-19,000021,11.18,10.91,11.26,10.81,149.57,146.1,150.59,144.81,113173,0.73
1693,2022-12-20,000021,10.9,10.92,11.0,10.79,145.97,146.22,147.25,144.55,56684,0.36
1694,2022-12-21,000021,10.81,10.7,10.91,10.62,144.81,143.4,146.1,142.37,71600,0.46
1695,2022-12-22,000021,10.72,10.56,10.81,10.54,143.65,141.6,144.81,141.34,70953,0.45
1696,2022-12-23,000021,10.58,10.57,10.65,10.49,141.85,141.73,142.75,140.7,50745,0.33
1697,2022-12-26,000021,10.61,10.8,10.89,10.59,142.24,144.68,145.84,141.98,66908,0.43
1698,2022-12-27,000021,10.8,10.87,10.89,10.73,144.68,145.58,145.84,143.78,54342,0.35
1699,2022-12-28,000021,10.84,10.7,10.84,10.67,145.2,143.4,145.2,143.01,51211,0.33
1700,2022-12-29,000021,10.66,10.65,10.78,10.63,142.88,142.75,144.43,142.5,43404,0.28
1701,2022-12-30,000021,10.75,10.69,10.82,10.69,144.04,143.27,144.94,143.27,52855,0.34
1702,2023-01-03,000021,10.67,10.99,11.01,10.64,143.01,147.12,147.38,142.63,94798,0.61
1703,2023-01-04,000021,10.99,11.22,11.33,10.99,147.12,150.08,151.49,147.12,142403,0.91
1704,2023-01-05,000021,11.23,11.26,11.32,11.12,150.21,150.59,151.37,148.79,71239,0.46
1705,2023-01-06,000021,11.26,11.25,11.35,11.2,150.59,150.47,151.75,149.82,76427,0.49
1706,2023-01-09,000021,11.35,11.25,11.37,11.23,151.75,150.47,152.01,150.21,71673,0.46
1707,2023-01-10,000021,11.26,11.3,11.37,11.24,150.59,151.11,152.01,150.34,63970,0.41
1708,2023-01-11,000021,11.29,11.18,11.42,11.16,150.98,149.57,152.65,149.31,95314,0.61
1709,2023-01-12,000021,11.14,11.22,11.29,11.12,149.05,150.08,150.98,148.79,55310,0.35
1710,2023-01-13,000021,11.25,11.29,11.3,11.22,150.47,150.98,151.11,150.08,51652,0.33
1711,2023-01-16,000021,11.08,11.22,11.32,10.94,148.28,150.08,151.37,146.48,161792,1.04
1712,2023-01-17,000021,11.28,11.34,11.38,11.21,150.85,151.62,152.14,149.95,84128,0.54
1713,2023-01-18,000021,11.34,11.41,11.43,11.33,151.62,152.52,152.78,151.49,68434,0.44
1714,2023-01-19,000021,11.36,11.57,11.58,11.31,151.88,154.58,154.71,151.24,94002,0.6
1715,2023-01-20,000021,11.63,11.64,11.7,11.53,155.35,155.48,156.25,154.06,96652,0.62
1716,2023-01-30,000021,11.76,11.71,11.86,11.68,157.02,156.38,158.31,155.99,144644,0.93
1717,2023-01-31,000021,11.73,11.62,11.76,11.58,156.63,155.22,157.02,154.71,84399,0.54
1718,2023-02-01,000021,11.65,11.88,11.92,11.64,155.61,158.56,159.08,155.48,129240,0.83
1719,2023-02-02,000021,11.91,12.11,12.36,11.9,158.95,161.52,164.73,158.82,280880,1.8
1720,2023-02-03,000021,12.1,12.19,12.23,11.92,161.39,162.55,163.06,159.08,181920,1.17
1721,2023-02-06,000021,12.12,12.1,12.32,12.02,161.65,161.39,164.22,160.36,134668,0.86
1722,2023-02-07,000021,12.1,12.15,12.21,12.06,161.39,162.03,162.8,160.88,102840,0.66
1723,2023-02-08,000021,12.16,11.98,12.25,11.96,162.16,159.85,163.32,159.59,116810,0.75
1724,2023-02-09,000021,11.98,12.51,12.63,11.93,159.85,166.66,168.2,159.21,325765,2.09
1725,2023-02-10,000021,12.45,12.81,12.83,12.41,165.89,170.52,170.77,165.37,360257,2.31
1726,2023-02-13,000021,12.75,12.74,12.98,12.68,169.74,169.62,172.7,168.84,280918,1.8
1727,2023-02-14,000021,12.71,12.73,13.05,12.6,169.23,169.49,173.6,167.82,223606,1.43
1728,2023-02-15,000021,12.73,12.89,12.92,12.6,169.49,171.54,171.93,167.82,207185,1.33
1729,2023-02-16,000021,12.85,12.49,12.93,12.3,171.03,166.4,172.06,163.96,293770,1.88
1730,2023-02-17,000021,12.56,12.21,12.57,12.18,167.3,162.8,167.43,162.42,206367,1.32
1731,2023-02-20,000021,12.2,12.49,12.51,12.15,162.68,166.4,166.66,162.03,147927,0.95
1732,2023-02-21,000021,12.42,12.49,12.6,12.35,165.5,166.4,167.82,164.6,133795,0.86
1733,2023-02-22,000021,12.45,12.47,12.58,12.27,165.89,166.15,167.56,163.58,126416,0.81
1734,2023-02-23,000021,12.49,12.36,12.53,12.25,166.4,164.73,166.92,163.32,106239,0.68
1735,2023-02-24,000021,12.4,12.45,12.52,12.34,165.25,165.89,166.79,164.47,98569,0.63
1736,2023-02-27,000021,12.36,12.27,12.53,12.22,164.73,163.58,166.92,162.93,104184,0.67
1737,2023-02-28,000021,12.42,12.5,12.67,12.3,165.5,166.53,168.72,163.96,171392,1.1
1738,2023-03-01,000021,12.46,12.91,13.07,12.44,166.02,171.8,173.86,165.76,412892,2.65
1739,2023-03-02,000021,12.89,12.89,13.1,12.85,171.54,171.54,174.24,171.03,219985,1.41
1740,2023-03-03,000021,13.01,12.99,13.26,12.81,173.09,172.83,176.3,170.52,266189,1.71
1741,2023-03-06,000021,13.0,13.19,13.27,12.93,172.96,175.4,176.43,172.06,322664,2.07
1742,2023-03-07,000021,13.19,12.55,13.19,12.53,175.4,167.17,175.4,166.92,341448,2.19
1743,2023-03-08,000021,12.54,12.84,12.88,12.51,167.05,170.9,171.42,166.66,169646,1.09
1744,2023-03-09,000021,12.89,12.84,12.97,12.74,171.54,170.9,172.57,169.62,132695,0.85
1745,2023-03-10,000021,12.74,12.78,13.03,12.69,169.62,170.13,173.34,168.97,189916,1.22
1746,2023-03-13,000021,12.78,13.05,13.06,12.61,170.13,173.6,173.73,167.95,282082,1.81
1747,2023-03-14,000021,13.0,12.87,13.0,12.61,172.96,171.29,172.96,167.95,235546,1.51
1748,2023-03-15,000021,12.91,12.98,13.02,12.83,171.8,172.7,173.21,170.77,199825,1.28
1749,2023-03-16,000021,12.91,12.73,13.09,12.67,171.8,169.49,174.11,168.72,219712,1.41
1750,2023-03-17,000021,12.89,13.08,13.16,12.85,171.54,173.99,175.01,171.03,357957,2.29
1751,2023-03-20,000021,13.1,12.97,13.29,12.94,174.24,172.57,176.68,172.19,324514,2.08
1752,2023-03-21,000021,12.91,13.28,13.28,12.9,171.8,176.56,176.56,171.67,314896,2.02
1753,2023-03-22,000021,13.27,13.48,13.55,13.11,176.43,179.13,180.03,174.37,372339,2.39
1754,2023-03-23,000021,13.43,14.19,14.36,13.38,178.48,188.25,190.44,177.84,708119,4.54
1755,2023-03-24,000021,14.06,15.34,15.61,14.01,186.58,203.03,206.5,185.94,1715752,11.0
1756,2023-03-27,000021,15.25,14.85,15.66,14.58,201.88,196.73,207.15,193.26,1037678,6.65
1757,2023-03-28,000021,14.69,14.14,14.72,14.11,194.68,187.61,195.06,187.22,613942,3.94
1758,2023-03-29,000021,14.28,14.22,14.55,13.82,189.41,188.64,192.88,183.5,641166,4.11
1759,2023-03-30,000021,14.21,15.64,15.64,14.21,188.51,206.89,206.89,188.51,1348208,8.64
1760,2023-03-31,000021,16.3,16.72,16.9,15.64,215.37,220.77,223.08,206.89,1759315,11.28
1761,2023-04-03,000021,18.39,18.39,18.39,18.16,242.23,242.23,242.23,239.28,768592,4.93
1762,2023-04-04,000021,19.29,18.82,19.79,18.34,253.8,247.76,260.23,241.59,2688935,17.24
1763,2023-04-06,000021,18.81,20.7,20.7,18.81,247.63,271.92,271.92,247.63,2891325,18.53
1764,2023-04-07,000021,19.69,20.43,20.68,19.2,258.94,268.45,271.66,252.64,2020218,12.95
1765,2023-04-10,000021,21.05,20.66,21.49,19.7,276.42,271.41,282.07,259.07,2085328,13.37
1766,2023-04-11,000021,20.3,20.45,22.24,20.0,266.78,268.71,291.71,262.92,2547806,16.33
1767,2023-04-12,000021,19.4,19.81,20.18,18.92,255.21,260.48,265.24,249.04,1733548,11.11
1768,2023-04-13,000021,19.51,19.0,20.1,18.83,256.63,250.07,264.21,247.89,1416722,9.08
1769,2023-04-14,000021,19.0,19.4,19.65,17.66,250.07,255.21,258.43,232.85,1885302,12.09
1770,2023-04-17,000021,19.38,20.14,20.37,19.14,254.96,264.72,267.68,251.87,1735971,11.13
1771,2023-04-18,000021,19.71,19.8,20.1,18.83,259.2,260.35,264.21,247.89,1143798,7.33
1772,2023-04-19,000021,19.99,19.37,20.29,19.25,262.8,254.83,266.65,253.29,1406576,9.02
1773,2023-04-20,000021,19.47,21.09,21.31,19.36,256.11,276.93,279.76,254.7,2126537,13.63
1774,2023-04-21,000021,21.05,20.4,21.99,20.2,276.42,268.07,288.5,265.5,1630037,10.45
1775,2023-04-24,000021,20.16,19.92,20.87,19.68,264.98,261.9,274.11,258.81,1045085,6.7
1776,2023-04-25,000021,20.0,18.95,20.28,18.88,262.92,249.43,266.52,248.53,1016426,6.52
1777,2023-04-26,000021,18.2,17.06,18.55,17.06,239.79,225.14,244.29,225.14,1389382,8.91
1778,2023-04-27,000021,16.56,17.46,18.28,16.52,218.71,230.28,240.82,218.2,1193413,7.65
1779,2023-04-28,000021,17.16,17.81,18.13,17.16,226.42,234.78,238.89,226.42,724301,4.64
1780,2023-05-04,000021,17.61,16.8,17.94,16.77,232.21,221.8,236.45,221.41,861716,5.52
1781,2023-05-05,000021,16.93,16.6,17.41,16.48,223.47,219.23,229.64,217.68,585451,3.75
1782,2023-05-08,000021,16.56,16.71,17.11,16.24,218.71,220.64,225.78,214.6,504672,3.24
1783,2023-05-09,000021,16.62,16.74,17.33,16.51,219.48,221.03,228.61,218.07,762447,4.89
1784,2023-05-10,000021,16.43,16.24,16.85,15.97,217.04,214.6,222.44,211.13,622126,3.99
1785,2023-05-11,000021,16.85,17.86,17.86,16.75,222.44,235.42,235.42,221.15,1107486,7.1
1786,2023-05-12,000021,18.31,17.41,18.5,17.38,241.2,229.64,243.65,229.25,1287282,8.25
1787,2023-05-15,000021,17.06,17.28,17.77,16.78,225.14,227.97,234.26,221.54,871592,5.59
1788,2023-05-16,000021,17.7,19.01,19.01,17.48,233.36,250.2,250.2,230.54,1154468,7.4
1789,2023-05-17,000021,19.2,19.66,20.53,19.2,252.64,258.55,269.74,252.64,1890902,12.12
1790,2023-05-18,000021,19.23,19.44,19.95,19.19,253.03,255.73,262.28,252.51,1260274,8.08
1791,2023-05-19,000021,19.71,19.88,20.7,19.54,259.2,261.38,271.92,257.01,1449425,9.29
1792,2023-05-22,000021,20.78,20.14,21.23,19.5,272.95,264.72,278.73,256.5,1503891,9.64
1793,2023-05-23,000021,19.42,18.4,19.65,18.3,255.47,242.36,258.43,241.08,1315295,8.43
1794,2023-05-24,000021,18.34,18.3,18.89,17.78,241.59,241.08,248.66,234.39,956756,6.13
1795,2023-05-25,000021,18.55,19.16,19.4,18.47,244.29,252.13,255.21,243.26,1089678,6.99
1796,2023-05-26,000021,18.65,20.7,21.08,18.53,245.57,271.92,276.81,244.03,1978822,12.68
1797,2023-05-29,000021,21.11,20.05,21.12,19.9,277.19,263.57,277.32,261.64,1349866,8.65
1798,2023-05-30,000021,19.78,21.23,21.23,19.62,260.1,278.73,278.73,258.04,1509333,9.68
1799,2023-05-31,000021,21.0,22.89,23.33,20.45,275.78,300.07,305.72,268.71,1926300,12.35
1800,2023-06-01,000021,22.0,22.21,23.52,21.86,288.63,291.33,308.17,286.83,1550837,9.94
1801,2023-06-02,000021,22.22,21.92,22.45,21.63,291.46,287.6,294.41,283.87,939722,6.02
1802,2023-06-05,000021,21.6,21.42,22.18,21.35,283.49,281.18,290.94,280.28,800714,5.13
1803,2023-06-06,000021,21.11,21.2,21.8,20.8,277.19,278.35,286.06,273.21,896854,5.75
1804,2023-06-07,000021,21.3,21.56,21.66,20.74,279.63,282.97,284.26,272.44,852696,5.47
1805,2023-06-08,000021,21.25,20.47,21.25,20.06,278.99,268.97,278.99,263.7,876832,5.62
1806,2023-06-09,000021,20.62,21.89,22.43,20.22,270.89,287.22,294.16,265.75,1297348,8.32
1807,2023-06-12,000021,21.62,21.21,21.86,21.02,283.75,278.48,286.83,276.03,875149,5.61
1808,2023-06-13,000021,21.1,21.97,22.4,21.0,277.06,288.24,293.77,275.78,1240250,7.95
1809,2023-06-14,000021,21.63,22.2,22.8,21.34,283.87,291.2,298.91,280.15,1161667,7.45
1810,2023-06-15,000021,22.06,21.36,22.33,21.28,289.4,280.4,292.87,279.38,906402,5.81
1811,2023-06-16,000021,21.11,21.6,21.78,20.82,277.19,283.49,285.8,273.46,860213,5.51
1812,2023-06-19,000021,21.0,21.98,22.33,20.55,275.78,288.37,292.87,269.99,1289993,8.27
1813,2023-06-20,000021,21.7,21.22,21.86,20.95,284.77,278.6,286.83,275.13,986650,6.32
1814,2023-06-21,000021,21.02,19.34,21.04,19.3,276.03,254.44,276.29,253.93,1129213,7.24
1815,2023-06-26,000021,19.0,17.87,19.2,17.7,250.07,235.55,252.64,233.36,913074,5.85
1816,2023-06-27,000021,18.08,18.55,18.88,18.07,238.25,244.29,248.53,238.12,739448,4.74
1817,2023-06-28,000021,18.59,18.75,19.13,17.72,244.8,246.86,251.74,233.62,900645,5.77
1818,2023-06-29,000021,19.54,19.95,20.36,19.5,257.01,262.28,267.55,256.5,1186591,7.61
1819,2023-06-30,000021,19.76,19.99,20.1,19.51,259.84,262.8,264.21,256.63,701613,4.5
1820,2023-07-03,000021,20.07,19.55,20.12,18.88,263.82,257.14,264.47,248.53,800711,5.13
1821,2023-07-04,000021,19.48,19.89,20.06,19.13,256.24,261.51,263.7,251.74,640037,4.1
1822,2023-07-05,000021,19.73,19.8,20.43,19.57,259.45,260.35,268.45,257.4,712894,4.57
1823,2023-07-06,000021,19.75,20.45,20.68,19.68,259.71,268.71,271.66,258.81,956511,6.13
1824,2023-07-07,000021,20.08,19.71,20.4,19.5,263.95,259.2,268.07,256.5,643126,4.12
1825,2023-07-10,000021,19.61,19.28,19.85,19.16,257.91,253.67,261.0,252.13,373567,2.39
1826,2023-07-11,000021,19.36,20.89,21.08,19.35,254.7,274.36,276.81,254.57,1143002,7.33
1827,2023-07-12,000021,20.88,20.43,21.25,20.23,274.23,268.45,278.99,265.88,786147,5.04
1828,2023-07-13,000021,20.75,22.0,22.17,20.4,272.56,288.63,290.81,268.07,1355925,8.69
1829,2023-07-14,000021,22.11,21.89,22.34,21.8,290.04,287.22,293.0,286.06,1026171,6.58
1830,2023-07-17,000021,21.71,21.89,22.08,21.48,284.9,287.22,289.66,281.95,697651,4.47
1831,2023-07-18,000021,21.84,21.35,22.68,21.35,286.57,280.28,297.37,280.28,1025536,6.57
1832,2023-07-19,000021,21.16,21.16,21.66,20.9,277.83,277.83,284.26,274.49,577320,3.7
1833,2023-07-20,000021,20.99,19.8,21.01,19.7,275.65,260.35,275.91,259.07,754332,4.84
1834,2023-07-21,000021,19.73,19.5,20.11,19.38,259.45,256.5,264.34,254.96,430772,2.76
1835,2023-07-24,000021,19.39,19.5,19.99,19.39,255.08,256.5,262.8,255.08,415509,2.66
1836,2023-07-25,000021,19.8,19.69,19.91,19.06,260.35,258.94,261.77,250.84,569834,3.65
1837,2023-07-26,000021,19.52,19.38,19.52,18.7,258.43,256.63,258.43,247.89,431628,2.77
1838,2023-07-27,000021,19.35,19.58,19.92,19.13,256.24,259.2,263.57,253.41,463987,2.97
1839,2023-07-28,000021,19.78,19.78,20.16,19.6,261.77,261.77,266.65,259.45,516939,3.31
1840,2023-07-31,000021,19.3,19.46,19.85,18.75,255.6,257.66,262.67,248.53,488663,3.13
1841,2023-08-01,000021,19.43,19.69,19.96,19.06,257.27,260.61,264.08,252.51,486989,3.12
1842,2023-08-02,000021,19.34,18.91,19.47,18.8,256.11,250.59,257.78,249.17,610003,3.91
1843,2023-08-03,000021,18.71,18.56,18.99,18.41,248.02,246.09,251.61,244.16,358776,2.3
1844,2023-08-04,000021,18.41,18.71,18.85,18.38,244.16,248.02,249.82,243.77,434247,2.78
1845,2023-08-07,000021,18.64,18.82,18.96,18.6,247.12,249.43,251.23,246.6,291829,1.87
1846,2023-08-08,000021,18.9,18.8,19.0,18.66,250.46,249.17,251.74,247.37,239185,1.53
1847,2023-08-09,000021,18.62,18.01,18.71,17.99,246.86,239.02,248.02,238.76,413439,2.65
1848,2023-08-10,000021,17.93,18.06,18.28,17.85,237.99,239.66,242.49,236.96,208068,1.33
1849,2023-08-11,000021,18.08,17.58,18.15,17.52,239.92,233.49,240.82,232.72,299017,1.92
1850,2023-08-14,000021,17.2,17.56,17.59,17.05,228.61,233.24,233.62,226.68,231905,1.49
1851,2023-08-15,000021,17.73,17.34,17.88,17.25,235.42,230.41,237.35,229.25,242838,1.56
1852,2023-08-16,000021,17.28,16.87,17.35,16.85,229.64,224.37,230.54,224.11,307335,1.97
1853,2023-08-17,000021,16.74,16.91,17.07,16.61,222.7,224.88,226.94,221.03,253970,1.63
1854,2023-08-18,000021,16.88,16.73,17.48,16.73,224.5,222.57,232.21,222.57,339969,2.18
1855,2023-08-21,000021,16.68,16.61,16.95,16.59,221.93,221.03,225.4,220.77,205012,1.31
1856,2023-08-22,000021,16.74,16.91,16.93,16.36,222.7,224.88,225.14,217.81,290581,1.86
1857,2023-08-23,000021,16.8,16.35,16.8,16.33,223.47,217.68,223.47,217.43,224672,1.44
1858,2023-08-24,000021,16.57,17.01,17.4,16.37,220.51,226.17,231.18,217.94,462254,2.96
1859,2023-08-25,000021,16.7,16.15,16.7,16.04,222.18,215.11,222.18,213.7,371602,2.38
1860,2023-08-28,000021,17.06,16.29,17.2,16.22,226.81,216.91,228.61,216.01,351146,2.25
1861,2023-08-29,000021,16.3,17.13,17.17,16.14,217.04,227.71,228.22,214.99,496295,3.18
1862,2023-08-30,000021,17.34,17.92,18.28,17.34,230.41,237.86,242.49,230.41,720961,4.62
1863,2023-08-31,000021,17.7,17.86,18.22,17.67,235.03,237.09,241.72,234.65,449874,2.88
1864,2023-09-01,000021,18.18,17.96,18.43,17.9,241.2,238.38,244.42,237.61,420186,2.69
1865,2023-09-04,000021,17.98,18.47,18.47,17.9,238.63,244.93,244.93,237.61,442229,2.83
1866,2023-09-05,000021,18.36,18.41,18.88,18.25,243.52,244.16,250.2,242.1,524551,3.36
1867,2023-09-06,000021,18.4,18.61,18.69,18.3,244.03,246.73,247.76,242.75,370890,2.38
1868,2023-09-07,000021,18.45,18.23,18.82,18.21,244.67,241.85,249.43,241.59,495783,3.18
1869,2023-09-08,000021,18.0,18.26,18.42,17.98,238.89,242.23,244.29,238.63,263877,1.69
1870,2023-09-11,000021,18.35,18.4,18.65,18.0,243.39,244.03,247.24,238.89,276326,1.77
1871,2023-09-12,000021,18.48,18.39,18.72,18.35,245.06,243.9,248.14,243.39,219597,1.41
1872,2023-09-13,000021,18.39,18.13,18.6,17.91,243.9,240.56,246.6,237.73,271231,1.74
1873,2023-09-14,000021,18.1,17.92,18.17,17.77,240.18,237.86,241.08,235.93,204097,1.31
1874,2023-09-15,000021,17.98,17.9,18.24,17.7,238.63,237.61,241.98,235.03,236867,1.52
1875,2023-09-18,000021,17.6,17.61,17.88,17.49,233.75,233.88,237.35,232.34,196148,1.26
1876,2023-09-19,000021,17.62,17.66,17.85,17.24,234.01,234.52,236.96,229.12,251680,1.61
1877,2023-09-20,000021,17.46,17.53,18.17,17.45,231.95,232.85,241.08,231.82,301839,1.93
1878,2023-09-21,000021,17.38,17.53,17.73,17.3,230.92,232.85,235.42,229.89,211105,1.35
1879,2023-09-22,000021,17.45,17.95,17.96,17.45,231.82,238.25,238.38,231.82,324717,2.08
1880,2023-09-25,000021,17.92,17.28,17.98,17.21,237.86,229.64,238.63,228.74,363212,2.33
1881,2023-09-26,000021,17.25,17.28,17.5,17.13,229.25,229.64,232.46,227.71,227731,1.46
1882,2023-09-27,000021,17.18,16.94,17.29,16.91,228.35,225.27,229.77,224.88,287365,1.84
1883,2023-09-28,000021,17.06,17.21,17.44,17.02,226.81,228.74,231.69,226.3,243739,1.56
1884,2023-10-09,000021,17.21,17.77,18.05,17.21,228.74,235.93,239.53,228.74,387543,2.48
1885,2023-10-10,000021,17.71,17.89,18.05,17.62,235.16,237.48,239.53,234.01,336951,2.16
1886,2023-10-11,000021,18.0,17.88,18.18,17.72,238.89,237.35,241.2,235.29,275680,1.77
1887,2023-10-12,000021,17.98,17.73,18.0,17.65,238.63,235.42,238.89,234.39,241672,1.55
1888,2023-10-13,000021,17.67,18.22,18.66,17.56,234.65,241.72,247.37,233.24,572213,3.67
1889,2023-10-16,000021,18.09,17.36,18.2,17.22,240.05,230.67,241.46,228.87,361207,2.32
1890,2023-10-17,000021,17.37,17.2,17.47,16.92,230.79,228.61,232.08,225.01,199640,1.28
1891,2023-10-18,000021,17.04,16.71,17.15,16.6,226.55,222.31,227.97,220.9,183437,1.18
1892,2023-10-19,000021,16.61,16.66,17.17,16.6,221.03,221.67,228.22,220.9,204483,1.31
1893,2023-10-20,000021,16.57,16.08,16.79,16.04,220.51,214.21,223.34,213.7,203402,1.3
1894,2023-10-23,000021,16.05,15.38,16.05,15.28,213.83,205.22,213.83,203.93,224441,1.44
1895,2023-10-24,000021,15.48,15.97,16.18,15.45,206.5,212.8,215.5,206.12,241834,1.55
1896,2023-10-25,000021,16.04,15.73,16.1,15.7,213.7,209.72,214.47,209.33,216155,1.39
1897,2023-10-26,000021,15.55,15.45,15.63,15.2,207.4,206.12,208.43,202.9,290341,1.86
1898,2023-10-27,000021,15.46,15.19,15.6,14.9,206.25,202.78,208.04,199.05,447307,2.87
1899,2023-10-30,000021,15.16,15.62,15.66,14.8,202.39,208.3,208.82,197.76,519079,3.33
1900,2023-10-31,000021,17.18,17.18,17.18,17.18,228.35,228.35,228.35,228.35,202227,1.3
1901,2023-11-01,000021,17.45,16.77,17.68,16.65,231.82,223.08,234.78,221.54,1180718,7.57
1902,2023-11-02,000021,16.63,16.11,16.8,15.94,221.28,214.6,223.47,212.41,747999,4.79
1903,2023-11-03,000021,15.91,16.76,16.85,15.87,212.03,222.95,224.11,211.51,738043,4.73
1904,2023-11-06,000021,16.82,17.22,17.33,16.62,223.72,228.87,230.28,221.15,750711,4.81
1905,2023-11-07,000021,17.01,17.7,17.84,16.96,226.17,235.03,236.83,225.52,717958,4.6
1906,2023-11-08,000021,17.6,17.49,17.84,17.41,233.75,232.34,236.83,231.31,524869,3.36
1907,2023-11-09,000021,17.42,17.29,17.71,17.16,231.44,229.77,235.16,228.09,341979,2.19
1908,2023-11-10,000021,17.23,17.47,17.98,17.16,228.99,232.08,238.63,228.09,493386,3.16
1909,2023-11-13,000021,17.61,17.56,17.78,17.43,233.88,233.24,236.06,231.56,392034,2.51
1910,2023-11-14,000021,17.5,17.76,18.2,17.48,232.46,235.81,241.46,232.21,531808,3.41
1911,2023-11-15,000021,18.11,18.04,18.6,17.82,240.3,239.4,246.6,236.58,753668,4.83
1912,2023-11-16,000021,17.65,17.51,17.98,17.51,234.39,232.59,238.63,232.59,413503,2.65
1913,2023-11-17,000021,17.4,17.88,17.95,17.38,231.18,237.35,238.25,230.92,417602,2.68
1914,2023-11-20,000021,18.28,18.19,18.57,17.88,242.49,241.33,246.22,237.35,747930,4.79
1915,2023-11-21,000021,18.0,17.39,18.08,17.32,238.89,231.05,239.92,230.15,603130,3.87
1916,2023-11-22,000021,17.28,17.18,17.62,17.12,229.64,228.35,234.01,227.58,375347,2.41
1917,2023-11-23,000021,17.1,17.18,17.2,16.74,227.32,228.35,228.61,222.7,311628,2.0
1918,2023-11-24,000021,17.12,16.55,17.12,16.5,227.58,220.25,227.58,219.61,304497,1.95
1919,2023-11-27,000021,16.4,16.72,16.83,16.4,218.33,222.44,223.85,218.33,247921,1.59
1920,2023-11-28,000021,16.7,16.77,16.91,16.61,222.18,223.08,224.88,221.03,215653,1.38
1921,2023-11-29,000021,17.5,17.58,18.45,17.47,232.46,233.49,244.67,232.08,1116235,7.16
1922,2023-11-30,000021,17.39,17.1,17.47,16.75,231.05,227.32,232.08,222.83,583559,3.74
1923,2023-12-01,000021,17.0,17.05,17.16,16.56,226.04,226.68,228.09,220.38,414291,2.66
1924,2023-12-04,000021,16.99,17.54,17.8,16.8,225.91,232.98,236.32,223.47,565848,3.63
1925,2023-12-05,000021,17.36,16.71,17.37,16.7,230.67,222.31,230.79,222.18,388900,2.49
1926,2023-12-06,000021,16.64,16.65,16.77,16.41,221.41,221.54,223.08,218.46,275486,1.77
1927,2023-12-07,000021,16.6,16.73,16.83,16.5,220.9,222.57,223.85,219.61,223629,1.43
1928,2023-12-08,000021,16.69,17.12,17.43,16.66,222.05,227.58,231.56,221.67,499391,3.2
1929,2023-12-11,000021,16.98,17.2,17.28,16.72,225.78,228.61,229.64,222.44,365516,2.34
1930,2023-12-12,000021,17.16,17.16,17.47,16.96,228.09,228.09,232.08,225.52,328752,2.11
1931,2023-12-13,000021,17.1,16.9,17.1,16.87,227.32,224.75,227.32,224.37,212923,1.36
1932,2023-12-14,000021,17.07,16.71,17.14,16.65,226.94,222.31,227.84,221.54,245056,1.57
1933,2023-12-15,000021,16.75,16.76,16.93,16.56,222.83,222.95,225.14,220.38,217622,1.4
1934,2023-12-18,000021,16.6,16.07,16.65,15.92,220.9,214.09,221.54,212.16,354119,2.27
1935,2023-12-19,000021,15.95,16.12,16.27,15.92,212.54,214.73,216.66,212.16,205788,1.32
1936,2023-12-20,000021,16.21,15.88,16.22,15.85,215.88,211.64,216.01,211.26,170355,1.09
1937,2023-12-21,000021,15.86,16.0,16.16,15.77,211.39,213.19,215.24,210.23,203386,1.3
1938,2023-12-22,000021,16.1,15.67,16.15,15.56,214.47,208.94,215.11,207.53,232530,1.49
1939,2023-12-25,000021,15.59,15.83,15.89,15.53,207.92,211.0,211.77,207.15,138351,0.89
1940,2023-12-26,000021,15.84,15.3,15.84,15.23,211.13,204.19,211.13,203.29,187160,1.2
1941,2023-12-27,000021,15.3,15.72,15.75,15.3,204.19,209.59,209.97,204.19,202386,1.3
1942,2023-12-28,000021,15.66,15.92,16.03,15.55,208.82,212.16,213.57,207.4,240128,1.54
1943,2023-12-29,000021,15.92,16.21,16.22,15.86,212.16,215.88,216.01,211.39,229038,1.47
1944,2024-01-02,000021,16.16,15.81,16.17,15.71,215.24,210.74,215.37,209.46,215445,1.38
1945,2024-01-03,000021,15.7,15.53,15.71,15.35,209.33,207.15,209.46,204.83,204871,1.31
1946,2024-01-04,000021,15.53,15.27,15.53,15.21,207.15,203.8,207.15,203.03,148776,0.95
1947,2024-01-05,000021,15.23,14.86,15.29,14.78,203.29,198.53,204.06,197.51,195279,1.25
1948,2024-01-08,000021,14.78,14.21,14.78,14.2,197.51,190.18,197.51,190.05,249092,1.6
1949,2024-01-09,000021,14.25,14.11,14.38,14.01,190.69,188.89,192.36,187.61,251449,1.61
1950,2024-01-10,000021,14.05,14.13,14.35,13.77,188.12,189.15,191.98,184.52,242917,1.56
1951,2024-01-11,000021,14.11,14.26,14.35,14.05,188.89,190.82,191.98,188.12,222971,1.43
1952,2024-01-12,000021,14.25,13.84,14.25,13.8,190.69,185.42,190.69,184.91,238329,1.53
1953,2024-01-15,000021,13.76,13.86,14.07,13.66,184.4,185.68,188.38,183.11,200131,1.28
1954,2024-01-16,000021,13.4,13.21,13.56,12.91,179.77,177.33,181.83,173.47,522218,3.35
1955,2024-01-17,000021,13.23,12.92,13.4,12.92,177.58,173.6,179.77,173.6,284640,1.82
1956,2024-01-18,000021,12.91,12.94,13.0,12.53,173.47,173.86,174.63,168.59,252612,1.62
1957,2024-01-19,000021,13.03,12.89,13.19,12.88,175.01,173.21,177.07,173.09,193861,1.24
1958,2024-01-22,000021,12.9,12.2,12.93,12.1,173.34,164.35,173.73,163.06,249906,1.6
1959,2024-01-23,000021,12.26,12.52,12.64,12.08,165.12,168.46,170.0,162.8,259718,1.66
1960,2024-01-24,000021,12.56,12.63,12.74,12.11,168.97,169.87,171.29,163.19,236887,1.52
1961,2024-01-25,000021,12.65,13.35,13.37,12.51,170.13,179.13,179.38,168.33,385826,2.47
1962,2024-01-26,000021,13.26,13.2,13.43,13.16,177.97,177.2,180.15,176.68,248579,1.59
1963,2024-01-29,000021,13.19,12.82,13.32,12.74,177.07,172.31,178.74,171.29,219122,1.4
1964,2024-01-30,000021,12.82,12.55,13.05,12.5,172.31,168.84,175.27,168.2,210022,1.35
1965,2024-01-31,000021,12.43,11.88,12.63,11.86,167.3,160.23,169.87,159.98,259763,1.67
1966,2024-02-01,000021,11.8,11.87,12.23,11.64,159.21,160.11,164.73,157.15,233810,1.5
1967,2024-02-02,000021,11.9,11.3,12.11,10.92,160.49,152.78,163.19,147.9,258833,1.66
1968,2024-02-05,000021,11.17,10.47,11.25,10.18,151.11,142.11,152.14,138.38,384002,2.46
1969,2024-02-06,000021,10.28,11.4,11.49,10.28,139.67,154.06,155.22,139.67,407745,2.61
1970,2024-02-07,000021,11.44,12.04,12.2,11.35,154.58,162.29,164.35,153.42,448750,2.88
1971,2024-02-08,000021,12.25,12.51,12.92,12.2,164.99,168.33,173.6,164.35,482007,3.09
1972,2024-02-19,000021,13.02,12.94,13.09,12.66,174.89,173.86,175.79,170.26,396274,2.54
1973,2024-02-20,000021,12.79,13.18,13.29,12.55,171.93,176.94,178.36,168.84,408484,2.62
1974,2024-02-21,000021,12.93,13.02,13.38,12.81,173.73,174.89,179.51,172.19,448964,2.88
1975,2024-02-22,000021,13.01,13.51,13.57,12.96,174.76,181.18,181.95,174.11,470516,3.02
1976,2024-02-23,000021,13.68,13.87,14.11,13.6,183.37,185.81,188.89,182.34,541695,3.47
1977,2024-02-26,000021,13.8,13.77,14.08,13.67,184.91,184.52,188.51,183.24,488206,3.13
1978,2024-02-27,000021,13.68,14.48,14.5,13.64,183.37,193.65,193.91,182.85,547237,3.51
1979,2024-02-28,000021,14.46,13.46,14.58,13.42,193.39,180.54,194.94,180.03,593346,3.8
1980,2024-02-29,000021,13.38,14.28,14.37,13.38,179.51,191.08,192.24,179.51,576213,3.69
1981,2024-03-01,000021,14.22,14.94,14.95,14.21,190.31,199.56,199.69,190.18,679650,4.36
1982,2024-03-04,000021,15.1,15.14,15.45,14.67,201.62,202.13,206.12,196.09,772632,4.95
1983,2024-03-05,000021,14.8,14.68,15.05,14.59,197.76,196.22,200.98,195.06,611822,3.92
1984,2024-03-06,000021,14.5,14.78,15.02,14.44,193.91,197.51,200.59,193.14,477139,3.06
1985,2024-03-07,000021,15.03,14.45,15.1,14.45,200.72,193.26,201.62,193.26,449923,2.88
1986,2024-03-08,000021,14.45,14.95,14.99,14.35,193.26,199.69,200.2,191.98,515590,3.31
1987,2024-03-11,000021,14.71,15.14,15.3,14.61,196.61,202.13,204.19,195.32,535416,3.43
1988,2024-03-12,000021,15.1,15.09,15.48,14.9,201.62,201.49,206.5,199.05,521145,3.34
1989,2024-03-13,000021,15.31,15.15,15.43,15.02,204.32,202.26,205.86,200.59,545284,3.5
1990,2024-03-14,000021,15.01,14.83,15.12,14.63,200.46,198.15,201.88,195.58,390221,2.5
1991,2024-03-15,000021,14.84,14.99,15.03,14.61,198.28,200.2,200.72,195.32,357095,2.29
1992,2024-03-18,000021,15.02,15.17,15.18,14.91,200.59,202.52,202.65,199.18,402822,2.58
1993,2024-03-19,000021,15.11,14.93,15.19,14.92,201.75,199.43,202.78,199.31,348852,2.24
1994,2024-03-20,000021,14.9,15.08,15.3,14.86,199.05,201.36,204.19,198.53,331802,2.13
1995,2024-03-21,000021,15.38,15.14,15.68,15.09,205.22,202.13,209.07,201.49,574691,3.68
1996,2024-03-22,000021,15.08,14.92,15.64,14.83,201.36,199.31,208.56,198.15,491232,3.15
1997,2024-03-25,000021,14.88,14.27,14.95,14.25,198.79,190.95,199.69,190.69,443724,2.84
1998,2024-03-26,000021,14.24,14.27,14.73,14.16,190.57,190.95,196.86,189.54,367593,2.36
1999,2024-03-27,000021,14.2,13.39,14.23,13.35,190.05,179.64,190.44,179.13,355095,2.28
2000,2024-03-28,000021,13.28,13.73,13.93,13.26,178.23,184.01,186.58,177.97,336931,2.16
2001,2024-03-29,000021,13.67,13.78,13.78,13.38,183.24,184.65,184.65,179.51,239240,1.53
2002,2024-04-01,000021,13.79,14.03,14.12,13.79,184.78,187.87,189.02,184.78,255900,1.64
2003,2024-04-02,000021,14.1,13.61,14.15,13.5,188.77,182.47,189.41,181.05,386448,2.48
2004,2024-04-03,000021,13.58,13.4,13.6,13.19,182.08,179.77,182.34,177.07,267390,1.71
2005,2024-04-08,000021,13.29,13.16,13.47,13.13,178.36,176.68,180.67,176.3,231322,1.48
2006,2024-04-09,000021,13.15,13.26,13.26,13.0,176.56,177.97,177.97,174.63,204810,1.31
2007,2024-04-10,000021,13.2,12.9,13.22,12.76,177.2,173.34,177.46,171.54,240296,1.54
2008,2024-04-11,000021,13.1,13.43,13.76,13.05,175.91,180.15,184.4,175.27,602888,3.86
2009,2024-04-12,000021,13.48,13.46,13.75,13.43,180.8,180.54,184.27,180.15,391827,2.51
2010,2024-04-15,000021,13.36,13.48,13.69,13.18,179.26,180.8,183.5,176.94,401473,2.57
2011,2024-04-16,000021,13.29,12.7,13.44,12.68,178.36,170.77,180.28,170.52,363250,2.33
2012,2024-04-17,000021,12.91,13.67,13.67,12.9,173.47,183.24,183.24,173.34,433554,2.78
2013,2024-04-18,000021,13.51,13.45,13.66,13.36,181.18,180.41,183.11,179.26,338986,2.17
2014,2024-04-19,000021,13.33,13.06,13.42,12.96,178.87,175.4,180.03,174.11,294201,1.89
2015,2024-04-22,000021,12.73,12.94,13.06,12.53,171.16,173.86,175.4,168.59,255165,1.64
2016,2024-04-23,000021,13.02,12.96,13.17,12.88,174.89,174.11,176.81,173.09,210255,1.35
2017,2024-04-24,000021,13.06,13.51,13.52,13.01,175.4,181.18,181.31,174.76,332405,2.13
2018,2024-04-25,000021,13.41,13.48,13.74,13.35,179.9,180.8,184.14,179.13,242752,1.56
2019,2024-04-26,000021,13.42,13.82,13.85,13.42,180.03,185.17,185.55,180.03,356457,2.28
2020,2024-04-29,000021,13.89,14.11,14.17,13.8,186.07,188.89,189.67,184.91,360899,2.31
2021,2024-04-30,000021,14.04,13.86,14.08,13.72,187.99,185.68,188.51,183.88,335366,2.15
2022,2024-05-06,000021,14.09,14.04,14.22,13.94,188.64,187.99,190.31,186.71,333721,2.14
2023,2024-05-07,000021,13.99,13.96,14.15,13.87,187.35,186.97,189.41,185.81,267536,1.71
2024,2024-05-08,000021,13.89,13.57,13.94,13.53,186.07,181.95,186.71,181.44,244337,1.57
2025,2024-05-09,000021,13.56,13.81,13.92,13.55,181.83,185.04,186.45,181.7,244990,1.57
2026,2024-05-10,000021,13.86,13.69,13.89,13.63,185.68,183.5,186.07,182.73,201345,1.29
2027,2024-05-13,000021,13.58,13.51,13.69,13.31,182.08,181.18,183.5,178.61,230069,1.47
2028,2024-05-14,000021,13.55,13.4,13.77,13.4,181.7,179.77,184.52,179.77,198914,1.28
2029,2024-05-15,000021,13.4,13.2,13.51,13.18,179.77,177.2,181.18,176.94,204321,1.31
2030,2024-05-16,000021,13.32,13.23,13.68,13.2,178.74,177.58,183.37,177.2,284837,1.83
2031,2024-05-17,000021,13.2,13.36,13.37,13.06,177.2,179.26,179.38,175.4,196631,1.26
2032,2024-05-20,000021,13.31,13.52,13.58,13.23,178.61,181.31,182.08,177.58,232229,1.49
2033,2024-05-21,000021,13.5,13.53,13.7,13.46,181.05,181.44,183.63,180.54,229089,1.47
2034,2024-05-22,000021,13.52,13.52,13.54,13.36,181.31,181.31,181.57,179.26,208581,1.34
2035,2024-05-23,000021,13.53,13.1,13.55,13.06,181.44,175.91,181.7,175.4,275888,1.77
2036,2024-05-24,000021,13.03,12.76,13.16,12.75,175.01,171.54,176.68,171.42,234519,1.5
2037,2024-05-27,000021,12.84,13.01,13.01,12.46,172.57,174.76,174.76,167.69,260910,1.67
2038,2024-05-28,000021,13.07,13.05,13.35,12.88,175.53,175.27,179.13,173.09,294328,1.89
2039,2024-05-29,000021,12.97,12.94,13.12,12.89,174.24,173.86,176.17,173.21,174312,1.12
2040,2024-05-30,000021,12.85,13.19,13.32,12.73,172.7,177.07,178.74,171.16,290221,1.86
2041,2024-05-31,000021,13.13,13.2,13.45,13.13,176.3,177.2,180.41,176.3,348676,2.24
2042,2024-06-03,000021,13.29,13.35,13.57,13.2,178.36,179.13,181.95,177.2,434203,2.78
2043,2024-06-04,000021,13.29,13.23,13.29,12.95,178.36,177.58,178.36,173.99,340854,2.18
2044,2024-06-05,000021,13.15,13.6,14.06,13.12,176.56,182.34,188.25,176.17,789537,5.06
2045,2024-06-06,000021,13.72,13.86,14.1,13.56,183.88,185.68,188.77,181.83,1015123,6.51
2046,2024-06-07,000021,13.75,14.71,14.75,13.64,184.27,196.61,197.12,182.85,1362819,8.74
2047,2024-06-11,000021,15.2,15.5,16.1,14.71,202.9,206.76,214.47,196.61,1907214,12.23
2048,2024-06-12,000021,15.11,15.85,15.95,15.05,201.75,211.26,212.54,200.98,1588061,10.18
2049,2024-06-13,000021,15.8,15.43,15.88,15.36,210.62,205.86,211.64,204.96,1282263,8.22
2050,2024-06-14,000021,15.31,15.47,15.65,15.04,204.32,206.37,208.69,200.85,963601,6.18
2051,2024-06-17,000021,15.28,16.31,16.31,15.2,203.93,217.17,217.17,202.9,1334227,8.55
2052,2024-06-18,000021,16.15,16.05,16.35,15.9,215.11,213.83,217.68,211.9,1067601,6.84
2053,2024-06-19,000021,16.18,16.13,16.3,15.73,215.5,214.86,217.04,209.72,1167800,7.49
2054,2024-06-20,000021,16.0,15.6,16.09,15.41,213.19,208.04,214.34,205.6,866762,5.56
2055,2024-06-21,000021,15.23,15.28,15.43,15.05,203.29,203.93,205.86,200.98,643138,4.12
2056,2024-06-24,000021,15.11,14.8,15.38,14.73,201.75,197.76,205.22,196.86,653234,4.19
2057,2024-06-25,000021,14.82,14.29,14.92,14.14,198.02,191.21,199.31,189.28,687933,4.41
2058,2024-06-26,000021,14.3,14.72,14.79,14.14,191.34,196.73,197.63,189.28,592995,3.8
2059,2024-06-27,000021,14.41,14.63,15.16,14.38,194.42,197.25,204.06,194.04,852557,5.47
2060,2024-06-28,000021,14.49,15.12,15.43,14.48,195.45,203.55,207.53,195.32,945427,6.06
2061,2024-07-01,000021,15.0,14.98,15.14,14.58,202.0,201.75,203.8,196.61,643703,4.13
2062,2024-07-02,000021,14.94,14.65,15.0,14.57,201.23,197.51,202.0,196.48,426469,2.73
2063,2024-07-03,000021,14.64,14.75,14.91,14.39,197.38,198.79,200.85,194.16,495332,3.17
2064,2024-07-04,000021,14.66,14.21,14.76,14.21,197.63,191.85,198.92,191.85,455235,2.92
2065,2024-07-05,000021,14.27,14.25,14.37,13.96,192.62,192.36,193.91,188.64,373546,2.39
2066,2024-07-08,000021,14.2,14.14,14.54,14.03,191.72,190.95,196.09,189.54,420636,2.7
2067,2024-07-09,000021,14.05,15.01,15.07,14.02,189.79,202.13,202.9,189.41,782883,5.02
2068,2024-07-10,000021,14.91,14.88,15.07,14.82,200.85,200.46,202.9,199.69,493294,3.16
2069,2024-07-11,000021,15.12,15.31,15.35,14.82,203.55,205.99,206.5,199.69,764848,4.9
2070,2024-07-12,000021,15.05,15.11,15.22,14.88,202.65,203.42,204.83,200.46,447873,2.87
2071,2024-07-15,000021,15.12,14.91,15.21,14.83,203.55,200.85,204.7,199.82,389256,2.49
2072,2024-07-16,000021,14.8,15.18,15.25,14.6,199.43,204.32,205.22,196.86,570862,3.66
2073,2024-07-17,000021,15.13,14.6,15.19,14.6,203.67,196.86,204.45,196.86,469847,3.01
2074,2024-07-18,000021,14.26,14.58,14.59,13.98,192.49,196.61,196.73,188.89,570555,3.66
2075,2024-07-19,000021,14.49,14.98,15.17,14.42,195.45,201.75,204.19,194.55,629927,4.04
2076,2024-07-22,000021,14.97,15.01,15.12,14.87,201.62,202.13,203.55,200.33,443812,2.84
2077,2024-07-23,000021,14.95,14.3,14.99,14.3,201.36,193.01,201.88,193.01,448853,2.88
2078,2024-07-24,000021,14.28,14.27,14.6,14.21,192.75,192.62,196.86,191.85,355048,2.28
2079,2024-07-25,000021,14.09,13.7,14.17,13.67,190.31,185.3,191.34,184.91,462299,2.96
2080,2024-07-26,000021,13.71,13.8,13.94,13.5,185.42,186.58,188.38,182.73,338726,2.17
2081,2024-07-29,000021,13.85,13.81,14.0,13.7,187.22,186.71,189.15,185.3,242338,1.55
2082,2024-07-30,000021,13.71,13.82,13.83,13.44,185.42,186.84,186.97,181.95,268079,1.72
2083,2024-07-31,000021,13.75,14.39,14.42,13.72,185.94,194.16,194.55,185.55,444085,2.85
2084,2024-08-01,000021,14.46,14.55,14.7,14.36,195.06,196.22,198.15,193.78,403159,2.58
2085,2024-08-02,000021,14.31,13.96,14.46,13.93,193.14,188.64,195.06,188.25,358025,2.29
2086,2024-08-05,000021,13.75,13.13,13.97,13.13,185.94,177.97,188.77,177.97,457467,2.93
2087,2024-08-06,000021,13.36,13.34,13.45,13.17,180.93,180.67,182.08,178.48,243564,1.56
2088,2024-08-07,000021,13.3,13.35,13.55,13.21,180.15,180.8,183.37,179.0,217846,1.4
2089,2024-08-08,000021,13.25,13.33,13.5,13.06,179.51,180.54,182.73,177.07,249256,1.6
2090,2024-08-09,000021,13.49,13.32,13.58,13.32,182.6,180.41,183.75,180.41,210129,1.35
2091,2024-08-12,000021,13.25,13.19,13.39,13.12,179.51,178.74,181.31,177.84,150768,0.97
2092,2024-08-13,000021,13.19,13.44,13.44,13.19,178.74,181.95,181.95,178.74,175942,1.13
2093,2024-08-14,000021,13.47,13.27,13.5,13.24,182.34,179.77,182.73,179.38,161009,1.03
2094,2024-08-15,000021,13.2,13.42,13.58,13.15,178.87,181.7,183.75,178.23,236936,1.52
2095,2024-08-16,000021,13.4,13.43,13.57,13.38,181.44,181.83,183.63,181.18,207058,1.33
2096,2024-08-19,000021,13.39,13.45,13.63,13.3,181.31,182.08,184.4,180.15,202354,1.3
2097,2024-08-20,000021,13.37,13.08,13.43,13.03,181.05,177.33,181.83,176.68,228723,1.47
2098,2024-08-21,000021,12.99,13.08,13.28,12.97,176.17,177.33,179.9,175.91,179089,1.15
2099,2024-08-22,000021,13.06,12.75,13.11,12.68,177.07,173.09,177.71,172.19,242358,1.55
2100,2024-08-23,000021,12.62,12.81,12.89,12.59,171.42,173.86,174.89,171.03,156760,1.0
2101,2024-08-26,000021,12.84,12.79,12.9,12.72,174.24,173.6,175.01,172.7,139235,0.89
2102,2024-08-27,000021,12.7,12.32,12.7,12.3,172.44,167.56,172.44,167.3,188335,1.21
2103,2024-08-28,000021,12.3,12.27,12.4,12.2,167.3,166.92,168.59,166.02,123921,0.79
2104,2024-08-29,000021,12.18,12.48,12.58,12.13,165.76,169.62,170.9,165.12,169350,1.09
2105,2024-08-30,000021,12.78,13.73,13.73,12.7,173.47,185.68,185.68,172.44,465356,2.98
2106,2024-09-02,000021,13.99,13.69,14.02,13.69,189.02,185.17,189.41,185.17,816789,5.23
2107,2024-09-03,000021,13.46,13.81,13.84,13.45,182.21,186.71,187.1,182.08,437768,2.81
2108,2024-09-04,000021,13.64,13.53,13.71,13.41,184.52,183.11,185.42,181.57,287137,1.84
2109,2024-09-05,000021,13.58,13.5,13.65,13.36,183.75,182.73,184.65,180.93,228155,1.46
2110,2024-09-06,000021,13.51,13.15,13.51,13.12,182.85,178.23,182.85,177.84,241156,1.55
2111,2024-09-09,000021,13.03,13.1,13.37,13.0,176.68,177.58,181.05,176.3,203046,1.3
2112,2024-09-10,000021,13.1,13.37,13.45,12.93,177.58,181.05,182.08,175.4,283554,1.82
2113,2024-09-11,000021,13.28,13.21,13.37,13.1,179.9,179.0,181.05,177.58,174676,1.12
2114,2024-09-12,000021,13.3,13.1,13.36,13.06,180.15,177.58,180.93,177.07,175269,1.12
2115,2024-09-13,000021,13.05,12.88,13.17,12.87,176.94,174.76,178.48,174.63,175393,1.12
2116,2024-09-18,000021,12.86,12.95,13.02,12.69,174.5,175.66,176.56,172.31,163087,1.05
2117,2024-09-19,000021,12.98,13.12,13.28,12.85,176.04,177.84,179.9,174.37,264397,1.69
2118,2024-09-20,000021,13.13,13.18,13.25,13.01,177.97,178.61,179.51,176.43,217304,1.39
2119,2024-09-23,000021,13.2,13.16,13.41,13.07,178.87,178.36,181.57,177.2,251219,1.61
2120,2024-09-24,000021,13.22,13.66,13.66,13.09,179.13,184.78,184.78,177.46,460118,2.95
2121,2024-09-25,000021,13.73,13.62,14.07,13.6,185.68,184.27,190.05,184.01,522700,3.35
2122,2024-09-26,000021,13.6,14.13,14.14,13.56,184.01,190.82,190.95,183.5,473736,3.04
2123,2024-09-27,000021,14.35,15.05,15.12,14.27,193.65,202.65,203.55,192.62,741447,4.75
2124,2024-09-30,000021,15.7,16.53,16.55,15.4,211.0,221.67,221.93,207.15,1063005,6.81
2125,2024-10-08,000021,18.18,18.18,18.18,17.22,242.87,242.87,242.87,230.54,1249709,8.01
2126,2024-10-09,000021,18.0,17.15,18.49,16.9,240.56,229.64,246.86,226.42,1285221,8.24
2127,2024-10-10,000021,17.25,16.83,17.75,16.42,230.92,225.52,237.35,220.25,899957,5.77
2128,2024-10-11,000021,16.6,15.69,16.89,15.42,222.57,210.87,226.3,207.4,737497,4.73
2129,2024-10-14,000021,15.73,16.27,16.28,15.42,211.39,218.33,218.46,207.4,595494,3.82
2130,2024-10-15,000021,16.2,15.81,16.57,15.78,217.43,212.41,222.18,212.03,640770,4.11
2131,2024-10-16,000021,15.46,15.6,15.88,15.4,207.92,209.72,213.31,207.15,421305,2.7
2132,2024-10-17,000021,15.97,15.77,16.14,15.75,214.47,211.9,216.66,211.64,530364,3.4
2133,2024-10-18,000021,15.75,16.62,17.06,15.75,211.64,222.83,228.48,211.64,918768,5.89
2134,2024-10-21,000021,17.01,17.52,17.78,16.7,227.84,234.39,237.73,223.85,1186529,7.6
2135,2024-10-22,000021,18.0,17.45,18.0,17.26,240.56,233.49,240.56,231.05,962258,6.17
2136,2024-10-23,000021,17.26,17.53,18.28,17.22,231.05,234.52,244.16,230.54,896300,5.74
2137,2024-10-24,000021,17.26,17.26,17.5,17.0,231.05,231.05,234.14,227.71,528122,3.38
2138,2024-10-25,000021,17.95,18.99,18.99,17.72,239.92,253.29,253.29,236.96,1701692,10.91
2139,2024-10-28,000021,20.0,20.89,20.89,19.8,266.27,277.71,277.71,263.7,2804243,17.97
2140,2024-10-29,000021,21.0,20.58,22.08,20.19,279.12,273.72,293.0,268.71,3133956,20.08
2141,2024-10-30,000021,20.52,22.64,22.64,20.15,272.95,300.2,300.2,268.19,2724522,17.46
2142,2024-10-31,000021,22.95,23.62,24.9,22.08,304.18,312.79,329.24,293.0,3073275,19.7
2143,2024-11-01,000021,23.14,21.26,23.6,21.26,306.62,282.46,312.54,282.46,1832226,11.74
2144,2024-11-04,000021,19.56,20.2,20.61,19.56,260.61,268.84,274.11,260.61,1682995,10.79
2145,2024-11-05,000021,20.04,20.73,21.12,20.04,266.78,275.65,280.66,266.78,1586209,10.17
2146,2024-11-06,000021,20.73,20.65,21.15,20.41,275.65,274.62,281.05,271.54,1441872,9.24
2147,2024-11-07,000021,20.3,20.85,21.07,20.2,270.12,277.19,280.02,268.84,1048151,6.72
2148,2024-11-08,000021,21.01,21.28,22.08,21.01,279.25,282.72,293.0,279.25,1445171,9.26
2149,2024-11-11,000021,21.55,23.41,23.41,21.41,286.19,310.09,310.09,284.39,1678062,10.75
2150,2024-11-12,000021,23.5,22.47,23.5,22.1,311.25,298.01,311.25,293.26,1477205,9.47
2151,2024-11-13,000021,22.26,21.94,22.68,21.47,295.31,291.2,300.71,285.16,921840,5.91
2152,2024-11-14,000021,21.69,21.0,22.2,20.88,287.99,279.12,294.54,277.58,877168,5.62
2153,2024-11-15,000021,20.8,20.35,21.49,20.32,276.55,270.76,285.42,270.38,774622,4.96
2154,2024-11-18,000021,20.72,19.93,20.87,19.7,275.52,265.37,277.45,262.41,798069,5.11
2155,2024-11-19,000021,19.82,20.32,20.36,19.52,263.95,270.38,270.89,260.1,718156,4.6
2156,2024-11-20,000021,20.2,20.33,20.58,19.93,268.84,270.51,273.72,265.37,642991,4.12
2157,2024-11-21,000021,20.22,21.15,21.77,20.02,269.09,281.05,289.02,266.52,1089285,6.98
2158,2024-11-22,000021,20.96,19.72,20.99,19.62,278.6,262.67,278.99,261.38,835930,5.36
2159,2024-11-25,000021,19.5,19.14,19.85,18.7,259.84,255.21,264.34,249.56,681330,4.37
2160,2024-11-26,000021,19.0,18.93,19.33,18.93,253.41,252.51,257.66,252.51,403734,2.59
2161,2024-11-27,000021,18.76,19.37,19.39,18.48,250.33,258.17,258.43,246.73,514016,3.29
2162,2024-11-28,000021,19.7,20.11,20.93,19.56,262.41,267.68,278.22,260.61,1092425,7.0
2163,2024-11-29,000021,19.75,20.16,20.45,19.42,263.05,268.32,272.05,258.81,876596,5.62
2164,2024-12-02,000021,20.18,20.69,20.88,20.0,268.58,275.13,277.58,266.27,827963,5.31
2165,2024-12-03,000021,20.73,20.23,20.85,20.02,275.65,269.22,277.19,266.52,603616,3.87
2166,2024-12-04,000021,20.47,20.01,20.65,19.9,272.31,266.39,274.62,264.98,561344,3.6
2167,2024-12-05,000021,19.8,20.08,20.2,19.71,263.7,267.29,268.84,262.54,385684,2.47
2168,2024-12-06,000021,19.98,20.2,20.45,19.76,266.01,268.84,272.05,263.18,489380,3.14
2169,2024-12-09,000021,20.26,19.91,20.42,19.75,269.61,265.11,271.66,263.05,399022,2.56
2170,2024-12-10,000021,20.5,20.03,20.6,20.0,272.69,266.65,273.98,266.27,606651,3.89
2171,2024-12-11,000021,19.89,20.0,20.24,19.85,264.85,266.27,269.35,264.34,382780,2.45
2172,2024-12-12,000021,20.0,20.09,20.3,19.65,266.27,267.42,270.12,261.77,509679,3.27
2173,2024-12-13,000021,19.9,19.71,20.05,19.54,264.98,262.54,266.91,260.35,458863,2.94
2174,2024-12-16,000021,19.68,19.24,19.75,19.13,262.15,256.5,263.05,255.08,351596,2.25
2175,2024-12-17,000021,19.13,18.94,19.4,18.92,255.08,252.64,258.55,252.39,308831,1.98
2176,2024-12-18,000021,19.01,19.44,19.64,18.86,253.54,259.07,261.64,251.61,433382,2.78
2177,2024-12-19,000021,19.16,20.0,20.07,19.08,255.47,266.27,267.17,254.44,605595,3.88
2178,2024-12-20,000021,19.9,20.23,20.55,19.7,264.98,269.22,273.34,262.41,779340,4.99
2179,2024-12-23,000021,20.88,20.27,21.68,20.2,277.58,269.74,287.86,268.84,1199854,7.69
2180,2024-12-24,000021,20.31,20.28,20.5,19.66,270.25,269.87,272.69,261.9,735336,4.71
2181,2024-12-25,000021,20.26,19.76,20.42,19.66,269.61,263.18,271.66,261.9,496776,3.18
2182,2024-12-26,000021,19.62,20.52,20.64,19.59,261.38,272.95,274.49,261.0,806175,5.17
2183,2024-12-27,000021,20.4,20.66,21.08,20.31,271.41,274.75,280.15,270.25,956009,6.13
2184,2024-12-30,000021,20.53,20.48,20.79,20.18,273.08,272.44,276.42,268.58,524671,3.36
2185,2024-12-31,000021,20.47,19.06,20.48,19.0,272.31,254.19,272.44,253.41,741113,4.75
